date,home_team,away_team,home_team_score,away_team_score,neutral_location,home_team_result,year,goalkeeper_differential,defense_differential,offense_differential,midfield_differential,possesion_differential,shots_on_target_differential,shots_differential,yellow_cards_differential,red_card_differential,fouls_differential,saves_differential,score_differential,fifa_rank_differential
2005-09-03,Scotland,Italy,1,1,False,Draw,2005,-21,-14,-12.599999999999994,-12.700000000000003,-16,-1,-3,2,0,3,1,0,73
2005-10-08,England,Austria,1,0,False,Win,2005,4,14.700000000000003,15.700000000000003,19.200000000000003,34,8,1,-1,1,4,-2,1,-68
2005-10-12,England,Poland,2,1,False,Win,2005,-1,11.299999999999997,8,12,20,7,10,-2,0,-9,-11,1,-6
2006-06-09,Germany,Costa Rica,4,2,False,Win,2006,21,16.700000000000003,15,17.200000000000003,14,8,20,-1,0,0,-13,2,-7
2006-06-10,Argentina,Ivory Coast,2,1,True,Win,2006,18,5.299999999999997,4.299999999999997,11.200000000000003,20,-4,-11,1,0,-1,2,1,-23
2006-06-10,England,Paraguay,1,0,True,Win,2006,6,13.299999999999997,10,18,12,2,-2,1,0,2,-1,1,-23
2006-06-12,United States,Czech Republic,0,3,True,Lose,2006,-10,-5,-6.299999999999997,-5,4,-1,0,-2,0,-3,-2,-3,3
2006-06-13,Brazil,Croatia,1,0,True,Win,2006,14,5.5,10.700000000000003,14.5,4,4,11,-2,0,-1,-2,1,-22
2006-06-13,France,Switzerland,0,0,True,Draw,2006,15,8.700000000000003,13.299999999999997,12,-2,3,5,-2,0,-2,-3,0,-27
2006-06-14,Germany,Poland,1,0,False,Win,2006,5,8,3,9.799999999999997,-2,7,15,0,-1,6,-3,1,-10
2006-06-15,Sweden,Paraguay,1,0,True,Win,2006,-1,3,3.299999999999997,9,4,9,3,-1,0,3,-5,1,-17
2006-06-16,Netherlands,Ivory Coast,2,1,True,Win,2006,17,2.799999999999997,9.299999999999997,9.400000000000006,0,-1,-7,1,0,6,-1,1,-29
2006-06-17,Italy,United States,1,1,True,Draw,2006,11,13,12.599999999999994,8,8,1,1,1,-1,-9,-1,0,8
2006-06-18,Brazil,Australia,2,0,True,Win,2006,8,15.200000000000003,16.400000000000006,13.200000000000003,6,2,4,1,0,-14,1,2,-41
2006-06-18,France,South Korea,1,1,True,Draw,2006,14,11.5,11.700000000000003,14,4,4,11,0,0,10,-1,0,-21
2006-06-19,Spain,Tunisia,3,1,True,Win,2006,28,16,18,16.200000000000003,28,7,21,-4,0,-10,-8,2,-16
2006-06-20,Costa Rica,Poland,1,2,True,Lose,2006,-16,-8.700000000000003,-12,-7.400000000000006,0,-1,0,0,0,-5,3,-1,-3
2006-06-20,Sweden,England,2,2,True,Draw,2006,-7,-10.299999999999997,-6.700000000000003,-9,-8,-2,-6,1,0,8,6,0,6
2006-06-21,Netherlands,Argentina,0,0,True,Draw,2006,-1,-2.5,5,-1.7999999999999972,0,1,0,1,0,4,0,0,-6
2006-06-21,Portugal,Mexico,2,1,True,Win,2006,0,8.5,0.7000000000000028,13.799999999999997,0,0,-2,0,-1,7,2,1,3
2006-06-22,Croatia,Australia,2,2,True,Draw,2006,-6,9.700000000000003,5.700000000000003,-1.2999999999999972,-8,-1,-3,3,1,-4,2,0,-19
2006-06-22,Czech Republic,Italy,0,2,True,Lose,2006,-1,-8,-6.299999999999997,-3,-2,0,-5,0,1,1,-6,-2,-11
2006-06-23,Switzerland,South Korea,2,0,True,Win,2006,-1,2.799999999999997,-1.5999999999999943,2,2,-2,-5,1,0,-12,1,2,6
2006-06-24,Argentina,Mexico,2,1,True,Win,2006,4,9.5,5.700000000000003,11.799999999999997,2,-3,-5,-2,0,-6,2,1,5
2006-06-24,Germany,Sweden,2,0,False,Win,2006,13,7,1.7000000000000028,6.799999999999997,26,11,25,-2,-1,-6,-7,2,3
2006-06-25,Portugal,Netherlands,1,0,True,Win,2006,-3,1.5,-10,3.799999999999997,2,-2,-14,2,0,-3,1,1,4
2006-06-26,Italy,Australia,1,0,True,Win,2006,12,17.400000000000006,13,7.700000000000003,-16,3,2,0,1,-7,2,1,-29
2006-06-27,Spain,France,1,3,True,Lose,2006,5,0,-2.299999999999997,0.20000000000000284,12,-2,0,-2,0,6,1,-2,-3
2006-06-30,Germany,Argentina,1,1,False,Win,2006,6,-0.29999999999999716,-1,-1,-6,2,4,-1,0,-7,-2,0,10
2006-07-01,Brazil,France,0,1,True,Lose,2006,1,0.5,1.7000000000000028,3,-12,0,-2,1,0,2,0,-1,-7
2006-07-01,England,Portugal,0,0,True,Lose,2006,4,4,9,-0.7999999999999972,-2,-8,-13,0,1,8,3,0,3
2006-07-04,Germany,Italy,0,2,False,Lose,2006,-2,-4,-4.299999999999997,-0.5,-16,-5,0,1,0,0,7,-2,6
2006-07-05,Portugal,France,0,1,True,Lose,2006,-7,-2,-10,0,2,3,5,0,0,6,-2,-1,-1
2006-07-08,Germany,Portugal,3,1,False,Win,2006,10,0.7000000000000028,4,-3,-4,-5,-1,-1,0,-1,1,2,12
2006-07-09,Italy,France,1,1,True,Win,2006,5,2.700000000000003,-1.7000000000000028,-2.5,2,-5,-8,-2,-1,-9,5,0,5
2007-10-13,Argentina,Chile,2,0,False,Win,2007,14,12.200000000000003,7.599999999999994,4.700000000000003,0,-1,5,-5,-1,-12,1,2,-45
2007-10-13,Peru,Paraguay,0,0,False,Draw,2007,-23,-7.700000000000003,-0.29999999999999716,-12.5,0,-4,-8,-2,0,-1,4,0,21
2007-10-14,Colombia,Brazil,0,0,False,Draw,2007,-6,-6.799999999999997,-6.400000000000006,-13.700000000000003,0,1,6,-2,0,-5,-1,0,21
2007-10-17,Brazil,Ecuador,5,0,False,Win,2007,19,17,14.400000000000006,19.700000000000003,0,1,9,-2,0,-6,-1,5,-54
2007-10-17,Chile,Peru,2,0,False,Win,2007,17,3,-0.29999999999999716,16.5,0,1,3,-2,0,-8,-1,2,-5
2007-10-17,Paraguay,Uruguay,1,0,False,Win,2007,0,0.5,-4.700000000000003,1.7000000000000028,0,0,2,0,0,-2,0,1,12
2007-11-17,Paraguay,Ecuador,5,1,False,Win,2007,10,6.700000000000003,8,6.700000000000003,0,1,3,-1,0,-3,-1,4,-33
2007-11-18,Peru,Brazil,1,1,False,Draw,2007,-32,-18,-6.700000000000003,-25.5,0,-3,-3,3,0,3,3,0,59
2007-11-18,Uruguay,Chile,2,2,False,Draw,2007,6,4.200000000000003,5.299999999999997,-5.700000000000003,0,0,7,0,0,-1,0,0,-28
2007-11-20,Colombia,Argentina,2,1,False,Win,2007,-5,-4,-7,-9.400000000000006,0,-2,-1,2,-1,6,2,1,24
2007-11-21,Brazil,Uruguay,2,1,False,Win,2007,9,10.799999999999997,1.7000000000000028,14.700000000000003,0,-7,-9,-4,0,2,7,1,-15
2007-11-21,Chile,Paraguay,0,3,False,Lose,2007,-6,-4.700000000000003,-0.5999999999999943,4,0,3,5,-3,0,1,-3,-3,19
2007-11-21,Ecuador,Peru,5,1,False,Win,2007,13,1,-7.700000000000003,5.799999999999997,0,3,7,-3,0,-11,-3,4,-2
2008-06-14,Peru,Colombia,1,1,False,Draw,2008,-26,-11.200000000000003,-0.29999999999999716,-11.799999999999997,0,-2,0,2,0,1,2,0,45
2008-06-15,Argentina,Ecuador,1,1,False,Draw,2008,18,14.200000000000003,15,15.400000000000006,0,4,11,-2,0,-13,-4,0,-58
2008-06-15,Paraguay,Brazil,2,0,False,Win,2008,-9,-10.299999999999997,-6.400000000000006,-13,0,3,5,1,1,7,-1,2,26
2008-06-17,Uruguay,Peru,6,0,False,Win,2008,23,7.200000000000003,5,10.799999999999997,0,10,14,-3,-1,-4,-4,6,-38
2008-06-18,Ecuador,Colombia,0,0,False,Draw,2008,-13,-10.200000000000003,-8,-6,0,1,2,-1,0,7,-1,0,40
2008-06-18,Brazil,Argentina,0,0,False,Draw,2008,1,2.799999999999997,-0.5999999999999943,4.299999999999997,0,0,-1,-2,0,5,0,0,1
2008-09-06,Argentina,Paraguay,1,1,False,Draw,2008,8,10.200000000000003,6.299999999999997,10.700000000000003,0,1,3,-1,1,-9,-1,0,-18
2008-09-06,Austria,France,3,1,False,Win,2008,-10,-7.299999999999997,-10.700000000000003,-11.299999999999997,4,-5,-8,2,0,1,4,2,90
2008-09-06,Colombia,Uruguay,0,1,False,Lose,2008,0,1.2999999999999972,-2.299999999999997,-0.5999999999999943,0,3,4,-3,0,-6,-4,-1,7
2008-09-06,Georgia,Republic of Ireland,1,2,True,Lose,2008,-28,-5.200000000000003,-12.599999999999994,-10.400000000000006,-4,-2,-2,2,0,4,4,-1,39
2008-09-06,Slovakia,Northern Ireland,2,1,False,Win,2008,1,1.7000000000000028,5.599999999999994,3.799999999999997,-2,-4,-7,-1,0,3,2,1,35
2008-09-06,Spain,Bosnia and Herzegovina,1,0,False,Win,2008,19,17,8,8.799999999999997,30,9,15,-2,0,-7,-6,1,-74
2008-09-07,Chile,Brazil,0,3,False,Lose,2008,-17,-15.700000000000003,-9.400000000000006,-6.599999999999994,0,-3,0,-1,0,-1,0,-3,34
2008-09-10,Chile,Colombia,4,0,False,Win,2008,-5,-10.299999999999997,-1.4000000000000057,4,0,7,2,-1,0,-2,-3,4,11
2008-09-10,Croatia,England,1,4,False,Lose,2008,-5,-7.799999999999997,-1.5999999999999943,-6.200000000000003,-22,-4,-2,1,1,-3,3,-3,-10
2008-09-10,Finland,Germany,3,3,False,Draw,2008,-5,-7.400000000000006,-11.599999999999994,-12.700000000000003,2,-2,-10,1,0,2,2,0,39
2008-09-10,France,Serbia,2,1,False,Win,2008,9,4,7,5.700000000000003,-16,15,20,-1,0,0,-9,1,-22
2008-09-10,Iceland,Scotland,1,2,False,Lose,2008,-32,-2,-2.299999999999997,-9,8,0,3,-1,-1,1,0,-1,91
2008-09-10,Italy,Georgia,2,0,False,Win,2008,35,15.5,23,17.700000000000003,-32,6,9,1,0,-4,-3,2,-75
2008-09-10,Montenegro,Republic of Ireland,0,0,False,Draw,2008,-33,-7.400000000000006,1,-7.200000000000003,-32,4,7,1,0,-2,0,0,98
2008-09-10,Northern Ireland,Czech Republic,0,0,False,Draw,2008,-16,-7.400000000000006,-7.299999999999997,-8.200000000000003,-10,3,2,-2,0,-1,-4,0,24
2008-09-10,Russia,Wales,2,1,False,Win,2008,8,4,6.599999999999994,0.5999999999999943,8,3,5,-4,0,1,-1,1,-41
2008-09-10,Uruguay,Ecuador,0,0,False,Draw,2008,1,9.5,3.700000000000003,5,0,1,3,-3,0,-5,-1,0,-30
2008-10-11,Argentina,Uruguay,2,1,False,Win,2008,7,6.700000000000003,6,9.700000000000003,0,3,7,0,0,-2,-2,1,-13
2008-10-11,Bulgaria,Italy,0,0,False,Draw,2008,-12,-15.299999999999997,-8.400000000000006,-8.700000000000003,-8,0,-4,-3,0,5,1,0,13
2008-10-11,Colombia,Paraguay,0,1,False,Lose,2008,1,4.799999999999997,-2,0.4000000000000057,0,0,6,-1,0,1,-1,-1,11
2008-10-11,Germany,Russia,2,1,False,Win,2008,0,7,3,5.700000000000003,10,0,3,-2,0,-9,0,1,-6
2008-10-11,Netherlands,Iceland,2,0,False,Win,2008,36,9.799999999999997,13,16.5,16,6,12,0,0,7,-5,2,-98
2008-10-11,Romania,France,2,2,False,Draw,2008,-5,-8.799999999999997,-7.700000000000003,-5.700000000000003,22,1,1,-1,0,-4,0,0,7
2008-10-11,Scotland,Norway,0,0,False,Draw,2008,8,-4.299999999999997,-2,1.7999999999999972,6,-5,-9,-2,0,-7,4,0,-13
2008-10-11,Slovenia,Northern Ireland,2,0,False,Win,2008,6,-3.299999999999997,3.5999999999999943,0.7999999999999972,4,-1,-7,-1,0,0,0,2,38
2008-10-12,Ecuador,Chile,1,0,False,Win,2008,4,-0.5,0,-8.400000000000006,0,5,13,1,0,-6,-4,1,6
2008-10-15,Belgium,Spain,1,2,False,Lose,2008,-18,-6.799999999999997,-13,-9.200000000000003,-10,-1,-4,-1,0,7,-5,-1,50
2008-10-15,Brazil,Colombia,0,0,False,Draw,2008,12,5.400000000000006,8,10.599999999999994,0,3,-3,-3,0,-3,-3,0,-29
2008-10-15,Chile,Argentina,1,0,False,Win,2008,-12,-15.700000000000003,-9.700000000000003,-6.299999999999997,0,3,5,1,0,1,-2,1,29
2008-10-15,Germany,Wales,1,0,False,Win,2008,8,11,9.599999999999994,6.299999999999997,40,8,21,-1,0,-6,-5,1,-58
2008-10-15,Italy,Montenegro,2,1,False,Win,2008,40,17.700000000000003,9.400000000000006,14.5,30,1,2,-1,0,1,0,1,-115
2008-10-15,Norway,Netherlands,0,1,False,Lose,2008,-12,-3.5,-8.700000000000003,-9.299999999999997,-10,3,2,2,0,7,-3,-1,34
2009-02-11,Republic of Ireland,Georgia,2,1,False,Win,2009,28,5.200000000000003,12.599999999999994,10.400000000000006,14,7,9,-4,0,0,-5,1,-79
2009-03-28,Republic of Ireland,Bulgaria,1,1,False,Draw,2009,5,5,-2,1.4000000000000057,-10,0,-1,-3,0,-2,-4,0,-1
2009-03-28,Montenegro,Italy,0,2,False,Lose,2009,-40,-17.700000000000003,-9.400000000000006,-14.5,12,4,3,1,0,1,-4,-2,108
2009-03-28,Netherlands,Scotland,3,0,False,Win,2009,4,7.799999999999997,10.700000000000003,7.5,32,3,4,2,0,4,-4,3,-25
2009-03-28,Northern Ireland,Poland,3,2,False,Win,2009,-8,-0.20000000000000284,-4,-4.799999999999997,-6,0,4,-2,0,5,0,1,13
2009-03-28,Spain,Turkey,1,0,False,Win,2009,10,6.599999999999994,6.700000000000003,7.5,4,1,2,0,0,-6,1,1,-10
2009-03-28,Uruguay,Paraguay,2,0,False,Win,2009,1,3.5,0.29999999999999716,1,0,2,-2,-2,0,-4,0,2,6
2009-03-28,Wales,Finland,0,2,False,Lose,2009,-3,-3.5999999999999943,2,6.400000000000006,4,-1,0,-2,0,0,3,-2,11
2009-03-29,Ecuador,Brazil,1,1,False,Draw,2009,-13,-16.200000000000003,-9.400000000000006,-15,0,6,15,-4,0,-8,-6,0,34
2009-04-01,England,Ukraine,2,1,False,Win,2009,5,15.200000000000003,7.299999999999997,10.5,18,0,4,2,0,-4,0,1,-5
2009-04-01,Italy,Republic of Ireland,1,1,False,Draw,2009,7,10.299999999999997,10.400000000000006,7.299999999999997,-12,-5,-8,2,1,-11,5,0,-22
2009-04-01,Northern Ireland,Slovenia,1,0,False,Win,2009,-6,3.299999999999997,-3.5999999999999943,-0.7999999999999972,-2,-1,-2,2,0,-3,0,1,-17
2009-04-01,Scotland,Iceland,2,1,False,Win,2009,32,2,2.299999999999997,9,12,5,9,-1,0,-7,-5,1,-47
2009-04-01,Turkey,Spain,1,2,False,Lose,2009,-10,-6.599999999999994,-6.700000000000003,-7.5,-2,-1,-2,2,0,-2,1,-1,10
2009-04-01,Wales,Germany,0,2,False,Lose,2009,-8,-11,-9.599999999999994,-6.299999999999997,-20,0,-2,-1,0,4,1,-2,66
2009-04-01,Ecuador,Paraguay,1,1,False,Draw,2009,0,-6,-3.4000000000000057,-4,0,1,6,2,-1,3,-1,0,24
2009-04-01,Chile,Uruguay,0,0,False,Draw,2009,-5,-9,-3.700000000000003,3.4000000000000057,0,-3,-3,-5,1,-10,3,0,9
2009-06-06,Argentina,Colombia,1,0,False,Win,2009,7,5.400000000000006,8.299999999999997,10.299999999999997,0,-2,-3,-2,0,0,3,1,-38
2009-06-06,Bulgaria,Republic of Ireland,1,1,False,Draw,2009,-5,-5,2,-1.4000000000000057,4,1,4,1,0,-1,1,0,-11
2009-06-06,Iceland,Netherlands,1,2,False,Lose,2009,-36,-9.799999999999997,-13,-16.5,0,-5,-10,2,0,7,6,-1,90
2009-06-06,Paraguay,Chile,0,2,False,Lose,2009,4,5.5,3.4000000000000057,-4.400000000000006,0,-3,-2,2,0,0,1,-2,-24
2009-06-06,Uruguay,Brazil,0,4,False,Lose,2009,-12,-6.700000000000003,-5.700000000000003,-10,0,-1,6,0,0,1,-3,-4,12
2009-06-10,Brazil,Paraguay,2,1,False,Win,2009,13,10.200000000000003,6,11,0,7,7,1,0,-5,-6,1,-8
2009-06-10,Ecuador,Argentina,2,0,False,Win,2009,-8,-16.200000000000003,-9.700000000000003,-14.700000000000003,0,3,5,2,0,-1,-1,2,37
2009-06-10,Netherlands,Norway,2,0,False,Win,2009,12,3.5,8.700000000000003,9.299999999999997,24,4,9,-2,0,-6,-4,2,-45
2009-08-12,Norway,Scotland,4,0,False,Win,2009,-8,4.299999999999997,2,-1.7999999999999972,26,5,10,1,-1,-7,-5,4,26
2009-09-05,Argentina,Brazil,1,3,False,Lose,2009,-11,-2.299999999999997,2,1.2999999999999972,0,2,5,-3,0,0,-4,-2,7
2009-09-05,Chile,Venezuela,2,2,False,Draw,2009,12,13.700000000000003,5.299999999999997,7.700000000000003,0,3,7,-3,0,9,-3,0,-30
2009-09-05,Colombia,Ecuador,2,0,False,Win,2009,2,6,1.5999999999999943,-0.20000000000000284,0,4,5,-2,-1,-3,-2,2,12
2009-09-05,France,Romania,1,1,False,Draw,2009,9,6.200000000000003,6.299999999999997,11.299999999999997,6,5,9,-1,0,4,-5,0,-16
2009-09-05,Georgia,Italy,0,2,False,Lose,2009,-27,-10.799999999999997,-17.599999999999994,-18,-20,-4,-10,1,0,15,0,-2,108
2009-09-05,Peru,Uruguay,1,0,False,Win,2009,-14,-8.5,-3,-7.5,0,0,-4,1,-1,0,1,1,63
2009-09-05,Poland,Northern Ireland,1,1,False,Draw,2009,7,-4.299999999999997,3,3.5,14,5,9,1,0,0,-4,0,5
2009-09-05,Scotland,North Macedonia,2,0,False,Win,2009,5,4.5,5.299999999999997,15.200000000000003,-2,-3,3,0,0,2,4,2,-26
2009-09-05,Spain,Belgium,5,0,False,Win,2009,14,5.799999999999997,8.299999999999997,9.5,34,-1,6,0,0,1,1,5,-66
2009-09-09,England,Croatia,5,1,False,Win,2009,1,7.400000000000006,3.700000000000003,6.599999999999994,6,-1,-3,0,0,6,0,4,-2
2009-09-09,Italy,Bulgaria,2,0,False,Win,2009,11,13,8,8.200000000000003,0,-1,-4,0,0,-3,-1,2,-15
2009-09-09,Northern Ireland,Slovakia,0,2,False,Lose,2009,-4,1.7999999999999972,-6.700000000000003,-2.299999999999997,0,2,7,1,0,-2,-4,-2,-14
2009-09-09,Scotland,Netherlands,0,1,False,Lose,2009,-4,-1.7999999999999972,-5.400000000000006,-4.799999999999997,-16,-1,-2,0,0,0,2,-1,27
2009-09-09,Serbia,France,1,1,False,Draw,2009,-11,-3.799999999999997,-6,-4.299999999999997,2,4,5,-1,0,2,-2,0,3
2009-09-09,Wales,Russia,1,3,False,Lose,2009,-9,-6.299999999999997,-10.299999999999997,-1,8,-3,-2,0,0,1,-2,-2,61
2009-09-09,Uruguay,Colombia,3,1,False,Win,2009,0,0.7999999999999972,5.700000000000003,2.5,0,0,4,3,0,2,2,2,-20
2009-09-09,Paraguay,Argentina,1,0,False,Win,2009,-2,-7.700000000000003,-7,-10.799999999999997,0,0,1,2,-1,10,1,1,15
2009-09-09,Brazil,Chile,4,2,False,Win,2009,14,10.599999999999994,8,4,0,3,0,-2,0,2,-1,2,-20
2009-09-09,Venezuela,Peru,3,1,False,Win,2009,1,-9,-8,0.7999999999999972,0,4,6,-2,0,-3,-1,2,-40
2009-10-10,Argentina,Peru,2,1,False,Win,2009,16,13,7.299999999999997,13.799999999999997,0,-1,2,0,0,-1,2,1,-83
2009-10-10,Colombia,Chile,2,4,False,Lose,2009,1,3,0,-3.5,0,-4,-3,-1,-1,-6,1,-2,27
2009-10-10,Ecuador,Uruguay,1,2,False,Lose,2009,-2,-6.799999999999997,-7.299999999999997,-2.299999999999997,0,-1,1,4,0,-2,0,-1,8
2009-10-10,Finland,Wales,2,1,False,Win,2009,4,1.7000000000000028,3.299999999999997,-8,22,3,6,0,0,9,-3,1,-6
2009-10-10,Republic of Ireland,Italy,2,2,False,Draw,2009,-4,-5.799999999999997,-9,-4.799999999999997,-6,0,-1,1,0,7,1,0,34
2009-10-10,Russia,Germany,0,1,False,Lose,2009,0,-3,-2.4000000000000057,-1.7000000000000028,8,3,2,1,-1,1,-3,-1,2
2009-10-10,Ukraine,England,1,0,False,Win,2009,-3,-10.200000000000003,-6.700000000000003,-8.599999999999994,8,0,0,4,-1,0,3,1,18
2009-10-10,Venezuela,Paraguay,1,2,False,Lose,2009,-13,-14.299999999999997,-8.299999999999997,-2.200000000000003,0,1,1,0,0,-1,-2,-1,28
2009-10-14,Bosnia and Herzegovina,Spain,2,5,False,Lose,2009,-14,-12,-5.599999999999994,-8.799999999999997,-34,2,5,-1,0,10,-3,-3,44
2009-10-14,Brazil,Venezuela,0,0,False,Draw,2009,26,24.299999999999997,13.299999999999997,11.700000000000003,0,-1,6,-3,1,2,1,0,-50
2009-10-14,Chile,Ecuador,1,0,False,Win,2009,1,3,1.5999999999999943,3.299999999999997,0,2,3,0,-1,-3,-1,1,-15
2009-10-14,Czech Republic,Northern Ireland,0,0,False,Draw,2009,12,2.4000000000000057,6.700000000000003,6.700000000000003,16,1,4,0,0,-1,-3,0,-13
2009-10-14,England,Belarus,3,0,False,Win,2009,5,19,15.299999999999997,12.599999999999994,6,1,6,-1,0,0,-4,3,-70
2009-10-14,France,Austria,3,1,False,Win,2009,9,9.200000000000003,9.599999999999994,9.5,20,1,0,-2,0,-5,0,2,-60
2009-10-14,Germany,Finland,1,1,False,Draw,2009,5,7.599999999999994,9.400000000000006,10.700000000000003,20,3,10,-1,0,-6,-3,0,-57
2009-10-14,Uruguay,Argentina,0,1,False,Lose,2009,-2,-4.5,-4.299999999999997,-6.299999999999997,0,0,4,0,2,5,-1,-1,20
2009-11-14,Republic of Ireland,France,0,1,False,Lose,2009,-2,-6,-7,-5.299999999999997,-4,-2,-2,0,0,3,-1,-1,25
2009-11-18,France,Republic of Ireland,1,1,False,Draw,2009,2,6,7,5.299999999999997,6,6,11,0,0,0,-2,0,-25
2010-06-11,South Africa,Mexico,1,1,False,Draw,2010,-8,-4.299999999999997,-5.700000000000003,-1.5999999999999943,-16,0,-5,0,0,4,0,0,66
2010-06-11,Uruguay,France,0,0,True,Draw,2010,-10,-6,-0.29999999999999716,-7,-12,0,-13,-1,1,-7,0,0,7
2010-06-12,England,United States,1,1,True,Draw,2010,-1,11.400000000000006,11.299999999999997,7.599999999999994,14,2,6,0,0,-2,-2,0,-6
2010-06-12,South Korea,Greece,2,0,True,Win,2010,-6,-4.799999999999997,-6.700000000000003,-4.700000000000003,-2,2,11,-1,0,3,0,2,34
2010-06-13,Germany,Australia,4,0,True,Win,2010,6,9,6.700000000000003,7.200000000000003,12,7,6,-1,-1,-8,-3,4,-14
2010-06-13,Serbia,Ghana,0,1,True,Lose,2010,9,8.400000000000006,4,0,0,1,-1,0,1,-6,-2,-1,-17
2010-06-14,Italy,Paraguay,1,1,True,Draw,2010,12,9,5,11,14,4,3,0,0,1,-4,0,-26
2010-06-14,Netherlands,Denmark,2,0,True,Win,2010,7,0.7999999999999972,8,7.599999999999994,30,3,8,1,0,-8,-2,2,-32
2010-06-15,Ivory Coast,Portugal,0,0,True,Draw,2010,-6,-7.200000000000003,-1,-2.799999999999997,-12,1,1,1,0,3,-1,0,24
2010-06-15,New Zealand,Slovakia,1,1,True,Draw,2010,-17,-9.5,-11.700000000000003,-13.599999999999994,-2,0,-4,1,0,2,0,0,44
2010-06-16,South Africa,Uruguay,0,3,False,Lose,2010,-5,-5.799999999999997,-11,-2.299999999999997,0,-3,-9,2,1,4,0,-3,67
2010-06-16,Spain,Switzerland,0,1,True,Lose,2010,10,8.5,9.299999999999997,10,26,5,16,-4,0,-13,-6,-1,-22
2010-06-17,Argentina,South Korea,4,1,True,Win,2010,5,11.299999999999997,16,10,12,9,9,1,0,0,-6,3,-40
2010-06-17,France,Mexico,0,2,True,Lose,2010,7,7.5,5.599999999999994,7.700000000000003,6,-1,1,-2,0,-2,-1,-2,-8
2010-06-18,Germany,Serbia,0,1,True,Lose,2010,10,2.5999999999999943,5.400000000000006,2,2,1,6,-1,1,9,-3,-1,-9
2010-06-18,Slovenia,United States,2,2,True,Draw,2010,-4,-3.5999999999999943,-1,-6.400000000000006,-4,-2,-7,3,0,-3,2,0,11
2010-06-19,Cameroon,Denmark,1,2,True,Lose,2010,5,-1.7999999999999972,2.299999999999997,2.299999999999997,8,2,10,0,0,-3,-3,-1,-17
2010-06-19,Ghana,Australia,1,1,True,Draw,2010,-13,-2,-2.700000000000003,5.200000000000003,0,1,14,2,-1,4,0,0,12
2010-06-20,Brazil,Ivory Coast,3,1,True,Win,2010,16,10,2,2.5,12,2,2,-3,1,-6,0,2,-26
2010-06-20,Italy,New Zealand,1,1,True,Draw,2010,28,19.299999999999997,19.299999999999997,22.799999999999997,14,6,20,-3,0,-14,-5,0,-73
2010-06-20,Slovakia,Paraguay,0,2,True,Lose,2010,1,-0.7999999999999972,-2.5999999999999943,1.7999999999999972,2,-4,-5,2,0,-4,2,-2,3
2010-06-21,Chile,Switzerland,1,0,True,Win,2010,-5,-2.299999999999997,1.2999999999999972,1.5,16,6,13,3,-1,-7,-5,1,-6
2010-06-22,Greece,Argentina,0,2,True,Lose,2010,1,-6.5,-9.299999999999997,-5.299999999999997,-34,-9,-15,0,0,7,9,-2,6
2010-06-22,Mexico,Uruguay,0,1,True,Lose,2010,3,-1.5,-5.299999999999997,-0.7000000000000028,18,-3,-4,1,0,7,2,-1,1
2010-06-23,Australia,Serbia,2,1,True,Win,2010,4,-6.400000000000006,-1.2999999999999972,-5.200000000000003,-10,1,-6,1,0,15,0,1,5
2010-06-23,Ghana,Germany,0,1,True,Lose,2010,-19,-11,-9.400000000000006,-2,-10,-1,4,0,0,6,3,-1,26
2010-06-23,Slovenia,England,0,1,True,Lose,2010,-3,-15,-12.299999999999997,-14,-10,-2,0,2,0,-1,0,-1,17
2010-06-24,Cameroon,Netherlands,1,2,True,Lose,2010,-2,-2.5999999999999943,-5.700000000000003,-5.299999999999997,2,-5,0,-1,0,3,3,-1,15
2010-06-24,Paraguay,New Zealand,0,0,True,Draw,2010,16,10.299999999999997,14.299999999999997,11.799999999999997,16,5,13,1,0,-6,-5,0,-47
2010-06-24,Slovakia,Italy,3,2,True,Win,2010,-11,-9.799999999999997,-7.599999999999994,-9.200000000000003,0,-2,-4,0,0,3,2,1,29
2010-06-25,Chile,Spain,1,2,True,Lose,2010,-15,-10.799999999999997,-8,-8.5,-18,1,0,2,1,8,-2,-1,16
2010-06-25,Portugal,Brazil,0,0,True,Draw,2010,-10,-2.799999999999997,-1,0.29999999999999716,-22,-2,-6,1,0,-7,2,0,2
2010-06-26,Uruguay,South Korea,2,1,True,Win,2010,3,6.799999999999997,11.700000000000003,3.700000000000003,-10,3,-1,-3,0,0,-3,1,-31
2010-06-26,United States,Ghana,1,2,True,Lose,2010,16,2,0.4000000000000057,-2,2,0,4,1,0,-8,-1,-1,-18
2010-06-27,Argentina,Mexico,3,1,True,Win,2010,-1,6,9.599999999999994,7,2,0,-5,-1,0,-15,0,2,-10
2010-06-27,Germany,England,4,1,True,Win,2010,4,-2.4000000000000057,-2.299999999999997,-3.5999999999999943,-4,-2,-2,0,0,1,4,3,-2
2010-06-28,Brazil,Chile,3,0,True,Win,2010,14,10.599999999999994,8,4,0,3,2,-1,0,-4,-1,3,-17
2010-06-28,Netherlands,Slovakia,2,1,True,Win,2010,6,3.799999999999997,6,9,4,6,4,-1,0,-2,-5,1,-30
2010-06-29,Spain,Portugal,1,0,True,Win,2010,11,3,1,4.200000000000003,22,7,10,0,-1,-5,-6,1,-1
2010-07-02,Netherlands,Brazil,2,1,True,Win,2010,-6,-7,-1.5999999999999943,1.2999999999999972,2,1,-4,3,-1,0,0,1,3
2010-07-02,Uruguay,Ghana,1,1,True,Win,2010,10,6.200000000000003,9.700000000000003,-2.700000000000003,-4,-3,-11,0,1,0,-3,0,-16
2010-07-03,Argentina,Germany,0,4,True,Lose,2010,-7,-0.29999999999999716,4.599999999999994,1.5999999999999943,6,1,2,1,0,6,-5,-4,1
2010-07-03,Paraguay,Spain,0,1,True,Lose,2010,-14,-10.200000000000003,-5,-14,-20,-2,-7,2,0,13,-1,-1,29
2010-07-06,Uruguay,Netherlands,2,3,True,Lose,2010,-7,0.20000000000000284,-0.7000000000000028,-6.299999999999997,-6,-1,1,-1,0,-1,0,-1,12
2010-07-07,Germany,Spain,0,1,True,Lose,2010,-5,-2.200000000000003,-2.5999999999999943,-4.799999999999997,-2,-3,-8,0,0,2,2,-1,4
2010-07-10,Uruguay,Germany,2,3,True,Lose,2010,-9,-4.799999999999997,0.29999999999999716,-4.700000000000003,-6,0,-2,-2,0,2,0,-1,10
2010-07-11,Netherlands,Spain,0,1,True,Lose,2010,-7,-7.200000000000003,-1.5999999999999943,-3.200000000000003,-14,-1,-6,3,1,9,0,-1,2
2011-10-07,Argentina,Chile,4,1,False,Win,2011,-1,8.299999999999997,8,4.400000000000006,0,3,-4,0,0,3,0,3,-4
2011-10-07,Ecuador,Venezuela,2,0,False,Win,2011,5,-1.7000000000000028,1,1.2999999999999972,0,3,11,-1,-1,2,-1,2,22
2011-10-07,Peru,Paraguay,2,0,False,Win,2011,4,-1.7999999999999972,-3,5.5,0,3,9,-1,0,0,-1,2,11
2011-10-11,Chile,Peru,4,2,False,Win,2011,5,1.5,3.299999999999997,2.799999999999997,0,8,7,1,0,-2,-6,2,-21
2011-10-11,Paraguay,Uruguay,1,1,False,Draw,2011,-9,-6.400000000000006,-5,-6,0,-1,2,-2,0,-4,1,0,20
2011-10-11,Venezuela,Argentina,1,0,False,Win,2011,-13,-8.599999999999994,-14.599999999999994,-9.700000000000003,0,1,2,-2,0,1,0,1,37
2011-11-11,Colombia,Venezuela,1,1,False,Draw,2011,13,5.299999999999997,5,3,0,3,1,0,0,6,-3,0,-9
2011-11-11,Paraguay,Ecuador,2,1,False,Win,2011,0,2.299999999999997,5.299999999999997,-4.299999999999997,0,4,5,-4,0,-7,-3,1,-24
2011-11-11,Uruguay,Chile,4,0,False,Win,2011,0,6.700000000000003,4.700000000000003,-2.299999999999997,0,7,14,0,0,2,-3,4,-12
2011-11-15,Chile,Paraguay,2,0,False,Win,2011,9,-0.29999999999999716,0.29999999999999716,8.299999999999997,0,10,10,-2,0,-1,-8,2,-12
2011-11-15,Colombia,Argentina,1,2,False,Lose,2011,0,-3.299999999999997,-9.599999999999994,-6.700000000000003,0,-2,0,-2,0,5,1,-1,21
2011-11-15,Ecuador,Peru,2,0,False,Win,2011,-4,-0.5,-2.299999999999997,-1.2000000000000028,0,3,8,0,0,-1,-1,2,20
2012-06-02,Argentina,Ecuador,4,0,False,Win,2012,8,10.299999999999997,13.599999999999994,8.400000000000006,0,6,8,3,0,0,-2,4,-28
2012-06-02,Uruguay,Venezuela,1,1,False,Draw,2012,14,7,11.299999999999997,3,0,0,0,0,0,0,0,0,-40
2012-06-03,Peru,Colombia,0,1,False,Lose,2012,-4,-6.5,-1.7000000000000028,-0.5,0,0,0,0,0,0,0,-1,13
2012-06-09,Venezuela,Chile,0,2,False,Lose,2012,-14,-0.29999999999999716,-6.599999999999994,-5.299999999999997,0,-4,-4,1,0,5,2,-2,29
2012-06-10,Ecuador,Colombia,1,0,False,Win,2012,-8,-7,-4,-1.7000000000000028,0,3,10,-1,1,-2,-2,1,16
2012-06-10,Uruguay,Peru,4,2,False,Win,2012,5,8.200000000000003,8,0.5,0,2,4,-2,0,-2,1,2,-35
2012-09-07,Argentina,Paraguay,3,1,False,Win,2012,8,8.299999999999997,7.299999999999997,9,32,3,4,-2,0,-2,-1,2,-22
2012-09-07,Bulgaria,Italy,2,2,False,Draw,2012,-10,-15.200000000000003,-10.700000000000003,-13.799999999999997,30,5,10,0,0,19,-5,0,83
2012-09-07,Finland,France,0,1,False,Lose,2012,-12,-11.799999999999997,-15,-9.299999999999997,-24,-4,-4,0,0,10,3,-1,81
2012-09-07,Montenegro,Poland,2,2,False,Draw,2012,-13,-6.200000000000003,6,-8.599999999999994,0,-1,-4,1,0,-7,-2,0,-8
2012-09-07,Netherlands,Turkey,2,0,False,Win,2012,0,0.5999999999999943,12.599999999999994,3,4,-1,-4,-2,0,0,1,2,-27
2012-09-07,Peru,Venezuela,2,1,False,Win,2012,-4,-6,5,-4.200000000000003,20,3,6,1,-1,-8,-2,1,-1
2012-09-07,Russia,Northern Ireland,2,0,False,Win,2012,10,3.200000000000003,9,7.5,36,2,6,-2,0,-6,-3,2,-116
2012-09-07,Slovenia,Switzerland,0,2,False,Lose,2012,3,-5,2.299999999999997,-7.5,-16,0,7,0,-1,4,-2,-2,4
2012-09-07,Wales,Belgium,0,2,False,Lose,2012,-11,-7.799999999999997,-4.400000000000006,-4.599999999999994,-14,-6,-15,0,1,-4,2,-2,5
2012-09-08,Denmark,Czech Republic,0,0,False,Draw,2012,-6,0.5999999999999943,-0.29999999999999716,-0.20000000000000284,0,5,12,3,0,2,-4,0,-9
2012-09-08,Scotland,Serbia,0,0,False,Draw,2012,-4,-10.299999999999997,-3.5999999999999943,-2,2,1,0,-2,0,-8,-4,0,5
2012-09-11,Austria,Germany,1,2,False,Lose,2012,-12,-8.200000000000003,-10.700000000000003,-8.599999999999994,-34,0,7,2,0,0,-3,-1,47
2012-09-11,Belgium,Croatia,1,1,False,Draw,2012,9,8.200000000000003,-0.29999999999999716,2.299999999999997,8,1,3,0,0,2,-3,0,31
2012-09-11,Chile,Colombia,1,3,False,Lose,2012,2,-2,-5,1.5999999999999943,0,-11,-12,2,0,5,9,-2,-8
2012-09-11,Georgia,Spain,0,1,False,Lose,2012,-17,-14.599999999999994,-17.299999999999997,-20.700000000000003,-22,-5,-7,0,0,1,6,-1,85
2012-09-11,Hungary,Netherlands,1,4,False,Lose,2012,-9,-8,-14.599999999999994,-6.700000000000003,-24,-1,-4,1,0,4,0,-3,29
2012-09-11,Israel,Russia,0,4,False,Lose,2012,-10,-10.5,-6.299999999999997,-5.799999999999997,6,0,3,0,0,-4,-1,-4,62
2012-09-11,Mexico,Costa Rica,1,0,False,Win,2012,4,6.799999999999997,9.400000000000006,-0.20000000000000284,0,0,0,-1,0,0,0,1,-45
2012-09-11,Norway,Slovenia,2,1,False,Win,2012,-12,3.799999999999997,-1.5999999999999943,2.700000000000003,8,4,4,-1,0,8,-3,1,10
2012-09-11,Paraguay,Venezuela,0,2,False,Lose,2012,-1,-3,5.700000000000003,-1,0,-4,-4,1,0,8,2,-2,-23
2012-09-11,Peru,Argentina,1,1,False,Draw,2012,-11,-11.299999999999997,-8,-12.200000000000003,0,0,3,1,0,4,0,0,44
2012-09-11,Serbia,Wales,6,1,False,Win,2012,6,8.599999999999994,3,1,34,12,12,-2,0,-3,-5,5,-3
2012-09-11,Uruguay,Ecuador,1,1,False,Draw,2012,11,11,5.599999999999994,4.200000000000003,0,2,5,-2,-1,-4,-2,0,-12
2012-10-12,Argentina,Uruguay,3,0,False,Win,2012,-1,2.5999999999999943,8.700000000000003,3,0,5,10,-4,0,-8,-2,3,-3
2012-10-12,Bolivia,Peru,1,1,False,Draw,2012,-3,-4.5,-12.700000000000003,-4.599999999999994,0,-1,2,2,0,-1,1,0,35
2012-10-12,Bulgaria,Denmark,1,1,False,Draw,2012,-1,-9,-0.7000000000000028,-5.599999999999994,0,1,-6,-2,1,1,-1,0,37
2012-10-12,Colombia,Paraguay,2,0,False,Win,2012,6,5.299999999999997,2.299999999999997,3.200000000000003,0,0,4,-2,0,-7,2,2,-29
2012-10-12,Ecuador,Chile,3,1,False,Win,2012,-10,-8.599999999999994,-4.299999999999997,-3,0,8,14,0,-2,4,-5,2,3
2012-10-12,Finland,Georgia,1,1,False,Draw,2012,2,-0.20000000000000284,0.7000000000000028,7.400000000000006,0,0,1,1,1,8,3,0,23
2012-10-12,Greece,Bosnia and Herzegovina,0,0,False,Draw,2012,-7,5.200000000000003,-0.29999999999999716,-2.299999999999997,10,-1,0,0,0,-2,0,0,-19
2012-10-12,Republic of Ireland,Germany,1,6,False,Lose,2012,-9,-9.5,-8.400000000000006,-8.599999999999994,-40,-3,-4,0,0,0,1,-5,26
2012-10-12,Russia,Portugal,1,0,False,Win,2012,1,-4.200000000000003,-4.700000000000003,-2,-26,-3,-5,1,0,-1,1,1,9
2012-10-12,Serbia,Belgium,0,3,False,Lose,2012,-5,0.7999999999999972,-1.4000000000000057,-3.5999999999999943,10,0,6,-1,0,-6,1,-3,3
2012-10-12,Switzerland,Norway,1,1,False,Draw,2012,9,1.2000000000000028,-0.7000000000000028,4.799999999999997,8,6,6,-2,0,1,-6,0,-11
2012-10-12,Turkey,Romania,0,1,False,Lose,2012,7,0.7000000000000028,0.7000000000000028,6.200000000000003,38,0,-3,-1,0,-2,1,-1,-10
2012-10-12,Wales,Scotland,2,1,False,Win,2012,-2,1.7000000000000028,0.5999999999999943,1,-2,-1,4,2,0,-4,2,1,1
2012-10-16,Belgium,Scotland,2,0,False,Win,2012,9,9.5,5,5.599999999999994,24,3,12,0,0,5,0,2,-26
2012-10-16,Bolivia,Uruguay,4,1,False,Win,2012,-15,-13.200000000000003,-12,-13.799999999999997,0,1,1,0,0,-2,2,3,65
2012-10-16,Chile,Argentina,1,2,False,Lose,2012,0,-5,-10,-4.200000000000003,0,-2,1,2,0,-3,1,-1,13
2012-10-16,Croatia,Wales,2,0,False,Win,2012,2,-0.4000000000000057,4.700000000000003,2.299999999999997,52,15,21,1,0,1,-9,2,-46
2012-10-16,Czech Republic,Bulgaria,0,0,False,Draw,2012,7,8.400000000000006,1,5.799999999999997,0,2,1,-3,0,-3,-3,0,-33
2012-10-16,Germany,Sweden,4,4,False,Draw,2012,10,9,2.700000000000003,10.299999999999997,-6,4,8,2,0,-4,-3,0,-19
2012-10-16,Hungary,Turkey,3,1,False,Win,2012,-9,-7.400000000000006,-2,-3.700000000000003,0,-4,0,-1,0,-3,5,2,13
2012-10-16,Italy,Denmark,3,1,False,Win,2012,9,6.200000000000003,10,8.200000000000003,2,2,-5,-1,1,-16,4,2,-10
2012-10-16,Paraguay,Peru,1,0,False,Win,2012,3,3,0.7000000000000028,3.200000000000003,0,1,0,-1,0,5,0,1,1
2012-10-16,Portugal,Northern Ireland,1,1,False,Draw,2012,9,7.400000000000006,13.700000000000003,9.5,36,7,15,0,0,0,-10,0,-114
2012-10-16,Romania,Netherlands,1,4,False,Lose,2012,-7,-1.2999999999999972,-13.299999999999997,-9.200000000000003,-10,-1,-2,0,0,6,1,-3,40
2012-10-16,Slovakia,Greece,0,1,False,Lose,2012,-2,-1.2000000000000028,-1,0.29999999999999716,0,3,9,1,0,8,-3,-1,38
2012-10-16,Spain,France,1,1,False,Draw,2012,3,3,1.5999999999999943,4,0,2,2,-1,0,-6,-1,0,-12
2012-10-17,Poland,England,1,1,False,Draw,2012,-4,-6.799999999999997,-7.599999999999994,-5.400000000000006,-8,4,4,1,0,3,-1,0,49
2013-02-06,Mexico,Jamaica,0,0,False,Draw,2013,13,7.799999999999997,9.700000000000003,7.799999999999997,44,1,15,0,0,-5,-1,0,-43
2013-03-22,Argentina,Venezuela,3,0,False,Win,2013,7,5.299999999999997,13,8,32,8,11,-2,0,2,-5,3,-40
2013-03-22,Bosnia and Herzegovina,Greece,3,1,False,Win,2013,7,-5.200000000000003,0.29999999999999716,2.299999999999997,8,7,3,-1,0,-6,-5,2,11
2013-03-22,Colombia,Bolivia,5,0,False,Win,2013,12,12.799999999999997,15.700000000000003,11,28,7,9,0,0,-2,-2,5,-31
2013-03-22,Croatia,Serbia,2,0,False,Win,2013,-4,-9,1.7000000000000028,1.2999999999999972,-8,1,-1,-3,0,-7,1,2,-26
2013-03-22,Czech Republic,Denmark,0,3,False,Lose,2013,6,-0.5999999999999943,0.29999999999999716,0.20000000000000284,2,-4,-6,1,0,-6,1,-3,2
2013-03-22,France,Georgia,3,1,False,Win,2013,14,11.599999999999994,15.700000000000003,16.700000000000003,22,5,7,-1,0,3,-3,2,-52
2013-03-22,Hungary,Romania,2,2,False,Draw,2013,-2,-6.700000000000003,-1.2999999999999972,2.5,-12,-4,1,-2,0,-11,4,0,1
2013-03-22,Israel,Portugal,3,3,False,Draw,2013,-9,-14.700000000000003,-11,-7.799999999999997,-10,-1,-7,0,0,3,2,0,67
2013-03-22,Peru,Chile,1,0,False,Win,2013,-11,-6.299999999999997,2,-8,-26,-1,7,2,0,15,2,1,19
2013-03-22,Scotland,Wales,1,2,False,Lose,2013,2,-1.7000000000000028,-0.5999999999999943,-1,-32,-4,-1,0,0,-1,3,-1,-5
2013-03-22,Spain,Finland,1,1,False,Draw,2013,15,14.799999999999997,16.599999999999994,13.299999999999997,62,3,24,-1,0,-3,-3,0,-86
2013-03-22,Sweden,Republic of Ireland,0,0,False,Draw,2013,-1,0.5,5.700000000000003,-1.7000000000000028,18,3,5,-3,0,0,-3,0,-19
2013-03-22,Uruguay,Paraguay,1,1,False,Draw,2013,9,5.700000000000003,-1.4000000000000057,6,14,1,5,0,0,1,-1,0,-22
2013-03-22,United States,Costa Rica,1,0,False,Win,2013,7,3,2.700000000000003,2.799999999999997,14,-3,-3,-2,0,3,4,1,-20
2013-03-26,Chile,Uruguay,2,0,False,Win,2013,-1,-2.4000000000000057,-1.2999999999999972,-1.2000000000000028,14,2,1,-1,0,9,0,2,6
2013-03-26,Costa Rica,Jamaica,2,0,False,Win,2013,9,1,0.29999999999999716,8,-6,1,8,0,0,4,1,2,-1
2013-03-26,Denmark,Bulgaria,1,1,False,Draw,2013,1,9,0.7000000000000028,5.599999999999994,40,2,6,-1,0,0,-2,0,-21
2013-03-26,Ecuador,Paraguay,4,1,False,Win,2013,-2,-5.299999999999997,-7,1.7999999999999972,16,3,13,0,0,1,0,3,-27
2013-03-26,France,Spain,0,1,False,Lose,2013,-3,-3,-1.5999999999999943,-4,-50,-1,4,-1,1,14,0,-1,16
2013-03-26,Republic of Ireland,Austria,2,2,False,Draw,2013,3,-1.2999999999999972,2.299999999999997,0,-26,1,1,2,0,5,-1,0,-39
2013-03-26,Mexico,United States,0,0,False,Draw,2013,-3,3.799999999999997,6.700000000000003,-3,16,3,18,-3,0,-3,-3,0,-18
2013-03-26,Montenegro,England,1,1,False,Draw,2013,-17,-13,-1.5999999999999943,-14,-10,0,5,2,0,5,0,0,24
2013-03-26,Netherlands,Romania,4,0,False,Win,2013,7,1.2999999999999972,13.299999999999997,9.200000000000003,70,-1,0,1,0,4,1,4,-23
2013-03-26,Northern Ireland,Israel,0,2,False,Lose,2013,0,7.299999999999997,-2.700000000000003,-1.7000000000000028,20,-2,5,2,0,2,0,-2,23
2013-03-26,Serbia,Scotland,2,0,False,Win,2013,4,10.299999999999997,3.5999999999999943,2,6,6,16,0,0,-2,-4,2,-31
2013-03-26,Turkey,Hungary,1,1,False,Draw,2013,9,7.400000000000006,2,3.700000000000003,32,2,10,-2,0,-13,-4,0,13
2013-03-26,Venezuela,Colombia,1,0,False,Win,2013,-5,-2.299999999999997,-8,-2.200000000000003,-42,3,-2,2,0,4,-1,1,37
2013-03-26,Wales,Croatia,1,2,False,Lose,2013,-2,0.4000000000000057,-4.700000000000003,-2.299999999999997,-22,-3,-10,-3,0,-6,2,-1,62
2013-06-04,Jamaica,Mexico,0,1,False,Lose,2013,-13,-7.799999999999997,-9.700000000000003,-7.799999999999997,-8,-4,-4,0,0,0,3,-1,37
2013-06-07,Argentina,Colombia,0,0,False,Draw,2013,2,3,5,5.799999999999997,0,-1,3,-2,0,0,1,0,-4
2013-06-07,Austria,Sweden,2,1,False,Win,2013,-2,0.7999999999999972,-8,1.7000000000000028,4,1,9,0,0,3,0,1,49
2013-06-07,Belgium,Serbia,2,1,False,Win,2013,5,-0.7999999999999972,1.4000000000000057,3.5999999999999943,-12,-2,-4,-2,0,6,3,1,-24
2013-06-07,Bolivia,Venezuela,1,1,False,Draw,2013,-7,-10.5,-7.700000000000003,-8.799999999999997,22,3,7,2,0,9,-3,0,16
2013-06-07,Croatia,Scotland,0,1,False,Lose,2013,0,1.2999999999999972,5.299999999999997,3.299999999999997,30,1,14,-2,0,9,-2,-1,-70
2013-06-07,Czech Republic,Italy,0,0,False,Draw,2013,-3,-6.799999999999997,-9.700000000000003,-8,-10,6,13,0,-1,7,-6,0,16
2013-06-07,Jamaica,United States,1,2,False,Lose,2013,-16,-4,-3,-10.799999999999997,-14,0,6,-1,0,2,-1,-1,21
2013-06-07,Paraguay,Chile,1,2,False,Lose,2013,-8,-3.299999999999997,2.700000000000003,-4.799999999999997,0,-3,0,1,0,8,2,-1,19
2013-06-07,Peru,Ecuador,1,0,False,Win,2013,-1,2.299999999999997,6.299999999999997,-5,0,1,2,0,0,0,0,1,20
2013-06-07,Portugal,Russia,1,0,False,Win,2013,-1,4.200000000000003,4.700000000000003,2,-8,1,9,1,0,-2,0,1,-5
2013-06-11,Chile,Bolivia,3,1,False,Win,2013,14,10.799999999999997,10.700000000000003,12.599999999999994,42,4,8,-3,0,-9,-2,2,-28
2013-06-11,Colombia,Peru,2,0,False,Win,2013,9,8.299999999999997,3,6.400000000000006,16,-1,-9,0,-1,-1,3,2,-23
2013-06-11,Ecuador,Argentina,1,1,False,Draw,2013,-10,-13.599999999999994,-14.299999999999997,-7.200000000000003,18,-3,10,-1,-1,2,3,0,7
2013-06-11,Mexico,Costa Rica,0,0,False,Draw,2013,4,6.799999999999997,9.400000000000006,-0.20000000000000284,0,0,0,1,0,0,0,0,-31
2013-06-11,Venezuela,Uruguay,0,1,False,Lose,2013,-8,-2.700000000000003,-4.299999999999997,-5,0,5,5,-1,1,-4,-6,-1,18
2013-07-16,United States,Costa Rica,1,0,False,Win,2013,7,3,2.700000000000003,2.799999999999997,14,-3,-3,-2,0,3,4,1,-17
2013-08-14,Northern Ireland,Russia,1,0,False,Win,2013,-10,-3.200000000000003,-9,-7.5,-24,4,1,1,0,2,-3,1,93
2013-09-06,Bosnia and Herzegovina,Slovakia,0,1,False,Lose,2013,11,-0.4000000000000057,9.599999999999994,-0.5999999999999943,22,-2,4,-1,0,-4,1,-1,-49
2013-09-06,Chile,Venezuela,3,0,False,Win,2013,12,-1,2.4000000000000057,4.799999999999997,28,9,6,-3,0,2,-6,3,-18
2013-09-06,Colombia,Ecuador,1,0,False,Win,2013,6,7.799999999999997,9,4,22,8,5,2,-1,11,-7,1,-14
2013-09-06,Costa Rica,United States,3,1,False,Win,2013,-3,-2.200000000000003,-3.700000000000003,-4.200000000000003,-32,2,6,3,0,4,-1,2,23
2013-09-06,Finland,Spain,0,2,False,Lose,2013,-13,-14,-18.700000000000003,-12.200000000000003,-36,-3,-7,-1,0,-1,1,-2,64
2013-09-06,Germany,Austria,3,0,False,Win,2013,13,8.700000000000003,13,8.200000000000003,30,7,7,-1,0,-11,-4,3,-53
2013-09-06,Republic of Ireland,Sweden,1,2,False,Lose,2013,-3,-1.2000000000000028,-7.400000000000006,0.5,14,0,3,1,0,10,-1,-1,14
2013-09-06,Italy,Bulgaria,1,0,False,Win,2013,10,13,11,12.5,6,3,-3,1,0,-13,-2,1,-47
2013-09-06,North Macedonia,Wales,2,1,False,Win,2013,-6,-8.400000000000006,1.2999999999999972,-12.299999999999997,-14,3,2,1,0,3,-2,1,43
2013-09-06,Northern Ireland,Portugal,2,4,False,Lose,2013,-9,-7,-15.700000000000003,-8.5,-20,-7,-14,0,1,5,5,-2,102
2013-09-06,Paraguay,Bolivia,4,0,False,Win,2013,10,8.299999999999997,11.599999999999994,11.200000000000003,-4,5,2,-2,0,5,-1,4,-15
2013-09-06,Peru,Uruguay,1,2,False,Lose,2013,-13,-8.299999999999997,-5,-6.200000000000003,20,-1,-2,-1,1,1,0,-1,10
2013-09-06,Poland,Montenegro,1,1,False,Draw,2013,15,4,1.5999999999999943,13.400000000000006,30,2,7,-2,0,-2,-2,0,44
2013-09-06,Romania,Hungary,3,0,False,Win,2013,3,7,-1.2999999999999972,3,-8,4,7,-2,0,4,-1,3,2
2013-09-06,Scotland,Belgium,0,2,False,Lose,2013,-7,-9.200000000000003,-5.700000000000003,-9,-16,-7,-6,-1,0,-7,5,-2,40
2013-09-06,Serbia,Croatia,1,1,False,Draw,2013,1,3.700000000000003,-4,-1.2000000000000028,10,3,12,0,0,4,-3,0,33
2013-09-06,Slovenia,Albania,1,0,False,Win,2013,9,4.5,4,4.5,-2,-4,-10,1,0,1,5,1,7
2013-09-06,Switzerland,Iceland,4,4,False,Draw,2013,23,9.799999999999997,3,7,16,1,12,0,0,-2,-1,0,-55
2013-09-10,Austria,Republic of Ireland,1,0,False,Win,2013,0,1.7999999999999972,-2.5999999999999943,1.2999999999999972,10,7,12,-3,0,-1,-6,1,11
2013-09-10,Bolivia,Ecuador,1,1,False,Draw,2013,-7,-2.799999999999997,-5.299999999999997,-13,34,4,15,0,0,-3,-4,0,47
2013-09-10,Iceland,Albania,2,1,False,Win,2013,-16,-0.29999999999999716,5.599999999999994,1.7999999999999972,4,6,2,-3,0,-4,-5,1,32
2013-09-10,Italy,Czech Republic,2,1,False,Win,2013,-1,7,9.400000000000006,7.799999999999997,38,4,13,0,-1,-11,-3,1,-20
2013-09-10,Jamaica,Costa Rica,1,1,False,Draw,2013,-10,-2,-3.5999999999999943,-4,-4,1,-1,0,0,3,-1,0,34
2013-09-10,North Macedonia,Scotland,1,2,False,Lose,2013,-11,-6.200000000000003,-4.299999999999997,-6.299999999999997,4,0,-4,-1,0,9,-1,-1,39
2013-09-10,Norway,Switzerland,0,2,False,Lose,2013,-8,-2.799999999999997,-3,-4.599999999999994,-16,-3,-7,1,0,5,1,-2,10
2013-09-10,Paraguay,Argentina,2,5,False,Lose,2013,-6,-7.700000000000003,-9,-8.200000000000003,-20,-4,-1,0,0,-2,1,-3,45
2013-09-10,Romania,Turkey,0,2,False,Lose,2013,-6,-1.5,2.700000000000003,-6.5,10,-3,8,-2,0,7,1,-2,-25
2013-09-10,Slovakia,Bosnia and Herzegovina,1,2,False,Lose,2013,-11,0.4000000000000057,-9.599999999999994,0.5999999999999943,-16,-1,-6,-2,0,-1,0,-1,49
2013-09-10,Ukraine,England,0,0,False,Draw,2013,-6,-7.5,-16,-6.400000000000006,6,-1,-1,0,0,2,1,0,14
2013-09-10,Uruguay,Colombia,2,0,False,Win,2013,6,2.700000000000003,1.7000000000000028,-2.5999999999999943,-26,2,2,0,0,2,0,2,9
2013-09-10,United States,Mexico,2,0,False,Win,2013,3,-1.7999999999999972,-5.299999999999997,2.200000000000003,-4,0,-2,2,0,0,2,2,-1
2013-09-10,Venezuela,Peru,3,2,False,Win,2013,0,4,-3.4000000000000057,3.200000000000003,28,5,21,-2,0,-1,-4,1,17
2013-09-10,Wales,Serbia,0,3,False,Lose,2013,-4,-7.299999999999997,-6,0.7000000000000028,0,-4,-6,0,0,-2,1,-3,5
2013-10-11,Albania,Switzerland,1,2,False,Lose,2013,-7,-9.5,-8.599999999999994,-8.799999999999997,-4,1,6,-1,0,-5,-2,-1,31
2013-10-11,Argentina,Peru,3,1,False,Win,2013,10,11,9.599999999999994,11.200000000000003,22,1,9,0,0,2,1,2,-32
2013-10-11,Colombia,Chile,3,3,False,Draw,2013,-5,2.5999999999999943,4.299999999999997,0.7999999999999972,-4,0,6,3,-1,9,0,0,-11
2013-10-11,Croatia,Belgium,1,2,False,Lose,2013,-9,-3.4000000000000057,-1.2999999999999972,-2.5,16,1,6,3,0,-7,-2,-1,4
2013-10-11,Denmark,Italy,2,2,False,Draw,2013,-7,-4.299999999999997,-8,-7.5,12,0,1,4,0,8,0,0,19
2013-10-11,Ecuador,Uruguay,1,0,False,Win,2013,-12,-10.5,-10.700000000000003,-1.4000000000000057,16,1,4,-2,0,6,0,1,13
2013-10-11,England,Montenegro,4,1,False,Win,2013,17,9.200000000000003,7,18.400000000000006,22,10,17,-1,0,-4,-8,3,-10
2013-10-11,Germany,Republic of Ireland,3,0,False,Win,2013,13,10.5,10.400000000000006,9.5,50,6,16,0,0,-6,-3,3,-56
2013-10-11,Greece,Slovakia,1,0,False,Win,2013,3,0.5999999999999943,6.299999999999997,-0.7999999999999972,-12,4,10,-3,0,4,-4,1,-48
2013-10-11,Netherlands,Hungary,8,1,False,Win,2013,8,8.5,12.700000000000003,10.5,48,6,10,-2,0,2,1,7,-21
2013-10-11,Slovenia,Norway,3,0,False,Win,2013,10,-2.200000000000003,-1.5999999999999943,0.29999999999999716,-4,4,-4,-1,0,-1,-1,3,-10
2013-10-11,Sweden,Austria,2,1,False,Win,2013,3,-0.5999999999999943,10,-1.7999999999999972,-4,5,7,0,-1,0,-4,1,-25
2013-10-11,Ukraine,Poland,1,0,False,Win,2013,-4,-2.299999999999997,-10.599999999999994,-1.4000000000000057,10,-1,-5,2,0,-7,2,1,-39
2013-10-11,United States,Jamaica,2,0,False,Win,2013,13,4.200000000000003,7.299999999999997,8.200000000000003,14,-1,7,0,0,1,3,2,-65
2013-10-11,Venezuela,Paraguay,1,1,False,Draw,2013,-4,0.7000000000000028,-4,0.20000000000000284,22,2,19,0,0,-2,-2,0,-5
2013-10-11,Wales,North Macedonia,1,0,False,Win,2013,6,8.400000000000006,-1.2999999999999972,12.299999999999997,0,1,-4,2,0,0,0,1,-23
2013-10-15,Belgium,Wales,1,1,False,Draw,2013,12,7,11.299999999999997,3,10,5,22,-1,0,5,-5,0,-46
2013-10-15,Bulgaria,Czech Republic,0,1,False,Lose,2013,-11,-6,-1.5999999999999943,-4.700000000000003,6,2,6,1,1,1,-3,-1,32
2013-10-15,Chile,Ecuador,2,1,False,Win,2013,11,5.200000000000003,4.700000000000003,3.200000000000003,54,1,7,-1,0,0,0,1,-4
2013-10-15,Costa Rica,Mexico,2,1,False,Win,2013,0,-4,-9,-2,-26,1,4,0,0,0,0,1,12
2013-10-15,England,Poland,2,0,False,Win,2013,2,5.200000000000003,5.400000000000006,5,22,7,14,1,0,0,-5,2,-48
2013-10-15,France,Finland,3,0,False,Win,2013,11,11.5,15.299999999999997,10.200000000000003,24,7,16,1,0,4,-5,3,-31
2013-10-15,Norway,Iceland,1,1,False,Draw,2013,15,7,0,2.4000000000000057,22,1,1,-1,0,9,-1,0,-15
2013-10-15,Paraguay,Colombia,1,2,False,Lose,2013,-3,-2.299999999999997,-2.700000000000003,-5.799999999999997,8,-1,3,1,-1,10,0,-1,36
2013-10-15,Peru,Bolivia,1,1,False,Draw,2013,6,5,11,8.200000000000003,18,-1,5,0,0,13,1,0,-28
2013-10-15,Scotland,Croatia,2,0,False,Win,2013,2,-5.799999999999997,-4.400000000000006,-6.5,-16,1,-6,0,0,6,1,2,53
2013-10-15,Serbia,North Macedonia,5,1,False,Win,2013,10,15.700000000000003,4.700000000000003,11.599999999999994,32,7,13,-4,0,-9,-4,4,-32
2013-10-15,Sweden,Germany,3,5,False,Lose,2013,-10,-9.299999999999997,-3,-10,-48,-1,-10,-3,0,-2,-1,-2,19
2013-10-15,Switzerland,Slovenia,1,0,False,Win,2013,-2,5,4.599999999999994,4.299999999999997,32,0,-1,-4,0,-3,1,1,-15
2013-10-15,Turkey,Netherlands,0,2,False,Lose,2013,1,0,-16.700000000000003,-1,2,-4,3,-2,0,-6,2,-2,40
2013-10-15,Uruguay,Argentina,3,2,False,Win,2013,3,-2.700000000000003,-4.599999999999994,-5,-36,-2,4,-1,0,9,3,1,5
2013-11-15,Greece,Romania,3,1,False,Win,2013,-1,1.7999999999999972,3,1,-10,4,3,-2,-1,-11,-2,2,-14
2013-11-15,Iceland,Croatia,0,0,False,Draw,2013,-18,-10.599999999999994,-6.400000000000006,-8.200000000000003,-38,-6,-10,0,1,2,6,0,28
2013-11-15,Portugal,Sweden,1,0,False,Win,2013,4,5.299999999999997,3,5.5,36,1,13,0,0,-1,0,1,-11
2013-11-15,Ukraine,France,2,0,False,Win,2013,-8,-6.5,-14.599999999999994,-10.200000000000003,-18,-2,-3,0,0,4,4,2,-1
2013-11-19,Croatia,Iceland,2,0,False,Win,2013,18,10.599999999999994,6.400000000000006,8.200000000000003,0,7,12,0,1,-5,-5,2,-28
2013-11-19,France,Ukraine,3,0,False,Win,2013,8,6.5,14.599999999999994,10.200000000000003,36,7,15,1,-1,2,-4,3,1
2013-11-19,Romania,Greece,1,1,False,Draw,2013,1,-1.7999999999999972,-3,-1,34,0,7,-3,0,0,-1,0,14
2013-11-19,Sweden,Portugal,2,3,False,Lose,2013,-4,-5.299999999999997,-3,-5.5,24,0,-8,3,0,-1,-1,-1,11
2014-06-12,Brazil,Croatia,3,1,False,Win,2014,7,7,4.299999999999997,3.200000000000003,16,5,4,0,0,-16,0,2,-15
2014-06-13,Chile,Australia,3,1,True,Win,2014,4,4.200000000000003,6.700000000000003,8.200000000000003,24,3,-2,-2,0,-9,1,2,-48
2014-06-13,Mexico,Cameroon,1,0,True,Win,2014,6,-2.700000000000003,4.299999999999997,-2.700000000000003,16,1,-1,0,0,-1,-2,1,-36
2014-06-13,Spain,Netherlands,1,5,True,Lose,2014,6,7,-1.2999999999999972,5.5,14,-5,-4,-2,0,-13,2,-4,-14
2014-06-14,Colombia,Greece,3,0,True,Win,2014,2,-1,7,5.799999999999997,-8,1,0,-1,0,5,1,3,-4
2014-06-14,England,Italy,1,2,True,Lose,2014,-2,0.20000000000000284,1,-2.799999999999997,-4,3,6,1,0,-4,-3,-1,1
2014-06-14,Ivory Coast,Japan,2,1,True,Win,2014,-3,2.799999999999997,10,0.29999999999999716,14,6,13,0,0,-1,-2,1,-23
2014-06-14,Uruguay,Costa Rica,1,3,True,Lose,2014,4,7.700000000000003,12.400000000000006,5.400000000000006,8,1,-3,3,1,2,-1,-2,-21
2014-06-15,Argentina,Bosnia and Herzegovina,2,1,True,Win,2014,-3,5.400000000000006,10,8,10,-6,-5,0,0,-4,2,1,-16
2014-06-15,Switzerland,Ecuador,2,1,True,Win,2014,10,9,2.299999999999997,2,12,6,8,0,0,-6,-2,1,-20
2014-06-16,Germany,Portugal,4,0,True,Win,2014,6,4,0,4.5,11,0,-1,-1,-1,-3,2,4,-2
2014-06-16,Ghana,United States,1,2,True,Lose,2014,-10,-2.5,-3.299999999999997,1.5,18,1,13,2,0,-2,-1,-1,24
2014-06-17,Belgium,Algeria,2,1,True,Win,2014,11,7.400000000000006,6.700000000000003,6,30,9,13,0,0,3,-6,1,-11
2014-06-17,Brazil,Mexico,0,0,False,Draw,2014,4,10,2.700000000000003,8.400000000000006,6,5,1,0,0,-5,-4,0,-17
2014-06-17,Russia,South Korea,1,1,True,Draw,2014,11,7.299999999999997,1.5999999999999943,4.5,-4,4,6,-2,0,8,0,0,-38
2014-06-18,Australia,Netherlands,2,3,True,Lose,2014,-3,-7.5,-15,-9.700000000000003,-4,-6,-5,0,0,-7,5,-1,47
2014-06-18,Cameroon,Croatia,0,4,True,Lose,2014,-3,-0.29999999999999716,-2.700000000000003,-2.5,-2,-7,-3,-1,1,2,5,-4,38
2014-06-18,Spain,Chile,0,2,True,Lose,2014,5,10.299999999999997,7,7,12,5,8,-1,0,-1,-4,-2,-13
2014-06-19,Colombia,Ivory Coast,2,1,True,Win,2014,5,0.7999999999999972,0.29999999999999716,2.299999999999997,-10,-4,-4,-2,0,-3,0,1,-15
2014-06-19,Japan,Greece,0,0,True,Draw,2014,0,-4.599999999999994,-3.299999999999997,3.200000000000003,36,6,7,-2,-1,5,-1,0,34
2014-06-19,Uruguay,England,2,1,True,Win,2014,0,-3.5,1,-3,-24,-2,-3,0,0,5,2,1,-3
2014-06-20,Italy,Costa Rica,0,1,True,Lose,2014,6,11,10.400000000000006,11.200000000000003,16,0,0,0,0,-14,0,-1,-19
2014-06-20,Switzerland,France,2,5,True,Lose,2014,-4,-4,-6,-6.200000000000003,14,-8,-5,-1,0,-4,5,-3,-11
2014-06-21,Germany,Ghana,2,2,True,Draw,2014,16,14,12,7.5,18,-4,-9,-1,0,-6,3,0,-35
2014-06-21,Nigeria,Bosnia and Herzegovina,1,0,True,Win,2014,-3,-5,-4.599999999999994,1,-8,3,2,0,0,2,-2,1,23
2014-06-22,Belgium,Russia,1,0,True,Win,2014,0,3.4000000000000057,5.700000000000003,3,6,0,-2,1,0,4,2,1,-8
2014-06-22,South Korea,Algeria,2,4,True,Lose,2014,0,-3.299999999999997,-0.5999999999999943,-1.5,8,-2,-6,1,0,-3,-1,-2,35
2014-06-22,United States,Portugal,2,2,True,Draw,2014,0,-7.5,-8.700000000000003,-4.5,-4,1,-5,1,0,-3,2,0,9
2014-06-23,Australia,Spain,0,3,True,Lose,2014,-9,-14.5,-13.700000000000003,-15.200000000000003,-10,-8,-7,1,0,5,2,-3,61
2014-06-23,Croatia,Mexico,1,3,True,Lose,2014,-3,3,-1.5999999999999943,5.200000000000003,10,-2,-2,-1,1,6,0,-2,-2
2014-06-23,Netherlands,Chile,2,0,True,Win,2014,-1,3.299999999999997,8.299999999999997,1.5,-28,7,6,0,0,12,-2,2,1
2014-06-24,Costa Rica,England,0,0,True,Draw,2014,-4,-11.200000000000003,-11.400000000000006,-8.400000000000006,-6,0,-4,-1,0,0,-1,0,18
2014-06-24,Greece,Ivory Coast,2,1,True,Win,2014,3,1.7999999999999972,-6.700000000000003,-3.5,-8,-4,0,-3,0,-10,1,1,-11
2014-06-24,Italy,Uruguay,0,1,True,Lose,2014,2,3.299999999999997,-2,5.799999999999997,10,-4,-5,0,1,-1,3,-1,2
2014-06-24,Japan,Colombia,1,4,True,Lose,2014,-2,-3.5999999999999943,-10.299999999999997,-2.5999999999999943,12,4,10,0,0,-9,-6,-3,38
2014-06-25,Ecuador,France,0,0,True,Draw,2014,-14,-13,-8.299999999999997,-8.200000000000003,-20,-6,-9,1,1,11,7,0,9
2014-06-25,Nigeria,Argentina,2,3,True,Lose,2014,0,-10.400000000000006,-14.599999999999994,-7,-14,-6,-6,2,0,11,8,-1,39
2014-06-26,Algeria,Russia,1,1,True,Draw,2014,-11,-4,-1,-3,-6,-1,-2,1,0,1,-1,0,3
2014-06-26,South Korea,Belgium,0,1,True,Lose,2014,-11,-10.700000000000003,-7.299999999999997,-7.5,2,1,2,0,-1,5,1,-1,46
2014-06-26,Portugal,Ghana,2,1,True,Win,2014,10,10,12,3,8,4,1,-2,0,5,-3,1,-33
2014-06-26,United States,Germany,0,1,True,Lose,2014,-6,-11.5,-8.700000000000003,-9,-26,-8,-9,1,0,6,5,-1,11
2014-06-28,Brazil,Chile,1,1,False,Win,2014,1,11.599999999999994,5.299999999999997,3.200000000000003,-2,8,10,1,0,5,-5,0,-11
2014-06-28,Colombia,Uruguay,2,0,True,Win,2014,-6,-2.700000000000003,-1.7000000000000028,2.5999999999999943,2,0,-7,-1,0,2,2,2,1
2014-06-29,Costa Rica,Greece,1,1,True,Win,2014,4,-6,-3.700000000000003,-2.200000000000003,-14,-11,-18,2,1,7,7,0,16
2014-06-29,Netherlands,Mexico,2,1,True,Win,2014,2,1.7000000000000028,5.700000000000003,6.700000000000003,10,1,2,-3,0,-4,3,1,-5
2014-06-30,France,Nigeria,2,0,True,Win,2014,5,10.200000000000003,7.599999999999994,8.799999999999997,6,3,4,1,0,-3,-2,2,-27
2014-06-30,Germany,Algeria,2,1,True,Win,2014,14,10.700000000000003,10.400000000000006,9.5,40,15,18,0,0,-9,-7,1,-20
2014-07-01,Argentina,Switzerland,1,0,True,Win,2014,-1,4.200000000000003,13,4.400000000000006,22,15,15,1,0,-9,-4,1,-1
2014-07-01,Belgium,United States,2,1,True,Win,2014,3,8.200000000000003,5,5.5,-4,17,24,0,0,16,-11,1,-2
2014-07-04,Brazil,Colombia,2,1,False,Win,2014,6,9,1,2.4000000000000057,2,1,1,0,0,8,-3,1,-5
2014-07-04,France,Germany,0,1,True,Lose,2014,-3,-3.5,-2.4000000000000057,-1,0,3,5,-2,0,-3,-3,-1,15
2014-07-05,Argentina,Belgium,1,0,True,Win,2014,-5,0,8.299999999999997,0.7000000000000028,2,3,0,-1,0,-3,0,1,-6
2014-07-05,Netherlands,Costa Rica,0,0,True,Win,2014,2,5.700000000000003,14.700000000000003,8.700000000000003,28,12,14,-2,0,2,-6,0,-13
2014-07-08,Brazil,Germany,1,7,False,Lose,2014,-5,0.29999999999999716,-0.7000000000000028,-2.799999999999997,2,1,4,1,0,-3,-4,-6,1
2014-07-09,Netherlands,Argentina,0,0,True,Lose,2014,1,-4.700000000000003,-2.299999999999997,-1.7000000000000028,6,-1,-1,1,0,5,3,0,10
2014-07-12,Brazil,Netherlands,0,3,False,Lose,2014,2,8.299999999999997,-3,1.7000000000000028,16,0,3,1,0,-4,-1,-3,-12
2014-07-13,Germany,Argentina,1,0,True,Win,2014,8,3.299999999999997,-4.599999999999994,2.799999999999997,28,5,0,0,0,4,-3,1,-3
2015-10-08,Argentina,Ecuador,0,2,False,Lose,2015,7,13.299999999999997,12.700000000000003,7.5,34,2,4,2,0,-10,-4,-2,-30
2015-10-08,Bolivia,Uruguay,0,2,False,Lose,2015,-19,-14.799999999999997,-16,-9.5,36,0,9,2,1,-1,-2,-2,47
2015-10-08,Chile,Brazil,2,0,False,Win,2015,0,-8.700000000000003,-5,-2.700000000000003,0,5,0,0,0,6,-2,2,2
2015-10-08,Colombia,Peru,2,0,False,Win,2015,5,3.299999999999997,10.700000000000003,7.5,4,2,0,1,0,9,-1,2,-45
2015-10-08,Venezuela,Paraguay,0,1,False,Lose,2015,-4,0,0.29999999999999716,-3,12,0,6,1,0,1,-1,-1,8
2015-10-13,Brazil,Venezuela,3,1,False,Win,2015,12,10.700000000000003,7.700000000000003,11.400000000000006,34,2,8,-2,0,-6,0,2,-62
2015-10-13,Ecuador,Bolivia,2,0,False,Win,2015,9,3,8,9,38,7,13,-3,0,-5,-5,2,-36
2015-10-13,Paraguay,Argentina,0,0,False,Draw,2015,-4,-8,-12,-9.200000000000003,-22,-1,1,0,0,3,1,0,60
2015-10-13,Peru,Chile,3,4,False,Lose,2015,-10,-3,-7.400000000000006,-7.5,-34,-3,4,-1,1,-7,2,-1,41
2015-10-13,Uruguay,Colombia,3,0,False,Win,2015,4,4.200000000000003,1,-3.5,-32,0,0,-2,-1,-3,3,3,15
2015-11-12,Bolivia,Venezuela,4,2,False,Win,2015,-8,-8.299999999999997,-9,-4.299999999999997,44,4,15,-2,-1,7,-2,2,-6
2015-11-12,Chile,Colombia,1,1,False,Draw,2015,5,-0.29999999999999716,-3.299999999999997,0,34,0,-2,-1,0,-8,0,0,-2
2015-11-12,Ecuador,Uruguay,2,1,False,Win,2015,-10,-11.799999999999997,-8,-0.5,22,3,11,2,0,3,-2,1,9
2015-11-13,Argentina,Brazil,1,1,False,Draw,2015,-4,-2.700000000000003,4,0.7999999999999972,-4,-2,3,0,-1,-8,2,0,-5
2015-11-13,Peru,Paraguay,1,0,False,Win,2015,-2,-1,-4.400000000000006,-1.7999999999999972,8,0,4,-1,0,-9,0,1,10
2015-11-17,Brazil,Peru,3,0,False,Win,2015,10,11.700000000000003,12.400000000000006,10.200000000000003,20,2,5,-2,0,3,0,3,-49
2015-11-17,Colombia,Argentina,0,1,False,Lose,2015,-1,-5.700000000000003,-5.700000000000003,-3.5,8,-1,2,1,0,-4,1,-1,4
2015-11-17,Paraguay,Bolivia,2,1,False,Win,2015,12,8.299999999999997,8.700000000000003,7.299999999999997,32,3,16,-1,1,0,-1,1,-30
2015-11-17,Uruguay,Chile,3,0,False,Win,2015,-1,4.5,4.299999999999997,-3.5,-46,1,-4,0,-1,0,2,3,7
2015-11-17,Venezuela,Ecuador,1,3,False,Lose,2015,-1,5.299999999999997,1,-4.700000000000003,14,0,13,2,0,-1,-1,-2,62
2016-03-24,Bolivia,Colombia,2,3,False,Lose,2016,-15,-10.599999999999994,-15,-13,32,4,15,2,0,10,-5,-1,64
2016-03-24,Chile,Argentina,1,2,False,Lose,2016,4,-6,-9,-3.5,10,0,4,-2,0,-7,-1,-1,3
2016-03-24,Ecuador,Paraguay,2,2,False,Draw,2016,-3,-5.299999999999997,-0.7000000000000028,1.7000000000000028,42,2,22,1,0,2,-2,0,-30
2016-03-24,Italy,Spain,1,1,False,Draw,2016,-2,-0.7000000000000028,-1.5999999999999943,-3.4000000000000057,-28,-2,-6,-2,0,2,2,0,11
2016-03-24,Peru,Venezuela,2,2,False,Draw,2016,2,-1,-4.700000000000003,1.2000000000000028,34,-1,2,0,0,-3,1,0,-33
2016-03-25,Brazil,Uruguay,2,2,False,Draw,2016,1,4.200000000000003,0.7000000000000028,6.200000000000003,24,-3,-4,2,0,4,3,0,-5
2016-03-25,Canada,Mexico,0,3,False,Lose,2016,-17,-8.5,-13,-6.700000000000003,-4,-7,-12,1,0,0,4,-3,65
2016-03-29,Argentina,Bolivia,2,0,False,Win,2016,16,16.299999999999997,20.700000000000003,16.5,60,6,20,-2,0,-14,-3,2,-70
2016-03-29,Mexico,Canada,2,0,False,Win,2016,17,8.5,13,6.700000000000003,34,3,7,-1,0,2,-1,2,-65
2016-03-29,Paraguay,Brazil,2,2,False,Draw,2016,-8,-10.700000000000003,-8,-8.400000000000006,-30,-4,-6,2,0,6,4,0,37
2016-03-29,Uruguay,Peru,1,0,False,Win,2016,9,7.5,11.700000000000003,4,10,4,7,-2,0,-4,-2,1,-31
2016-03-29,Venezuela,Chile,1,4,False,Lose,2016,-12,-2,-2.700000000000003,-8.700000000000003,-28,-2,0,0,0,2,-1,-3,70
2016-09-01,Argentina,Uruguay,1,0,False,Win,2016,-1,1,5,6,12,-1,-3,-4,1,2,2,1,-11
2016-09-01,Bolivia,Peru,0,3,False,Lose,2016,-8,-5.5,-3.700000000000003,-4.5,10,2,2,0,0,8,0,-3,77
2016-09-01,Colombia,Venezuela,2,0,False,Win,2016,7,3.4000000000000057,5,5.200000000000003,14,7,16,1,-2,-14,-4,2,-43
2016-09-01,Ecuador,Brazil,0,3,False,Lose,2016,-9,-12.700000000000003,-11,-7.799999999999997,-22,-3,-9,2,1,7,0,-3,8
2016-09-01,Paraguay,Chile,2,1,False,Win,2016,-9,-1.7999999999999972,-3,-5,-40,3,4,-1,-1,4,-2,1,37
2016-09-04,Czech Republic,Northern Ireland,0,0,False,Draw,2016,18,1.7000000000000028,5,4.599999999999994,30,-2,10,-1,0,-1,2,0,6
2016-09-04,Norway,Germany,0,3,False,Lose,2016,-15,-12.400000000000006,-8.599999999999994,-11.799999999999997,-48,-8,-17,1,0,9,5,-3,46
2016-09-04,Romania,Montenegro,1,1,False,Draw,2016,22,0.5,-2.299999999999997,6.200000000000003,10,1,5,0,0,5,-1,0,-70
2016-09-04,Slovakia,England,0,1,False,Lose,2016,-11,-5.5,-14.599999999999994,-4,-28,-5,-19,0,1,1,4,-1,11
2016-09-05,Croatia,Turkey,1,1,False,Draw,2016,2,0.7999999999999972,2,3.299999999999997,16,1,11,-2,0,6,-1,0,-4
2016-09-05,Finland,Kosovo,1,1,False,Draw,2016,6,5,1.2999999999999972,1,-12,-1,-4,0,0,12,1,0,-129
2016-09-05,Georgia,Austria,1,2,False,Lose,2016,-2,-7,-10,-7.799999999999997,-4,-1,7,-2,0,-5,0,-1,96
2016-09-05,Serbia,Republic of Ireland,2,2,False,Draw,2016,0,3,0.29999999999999716,2.799999999999997,40,2,8,-2,0,1,-2,0,16
2016-09-05,Ukraine,Iceland,1,1,False,Draw,2016,13,6.200000000000003,2.299999999999997,1.5999999999999943,34,1,1,-1,0,4,-1,0,7
2016-09-06,Brazil,Colombia,2,1,False,Win,2016,4,8.299999999999997,5.700000000000003,2.799999999999997,26,5,10,3,0,-3,-3,1,6
2016-09-06,Chile,Bolivia,3,0,False,Win,2016,19,9.799999999999997,10,13.5,50,1,4,0,0,-8,-1,3,-105
2016-09-06,Peru,Ecuador,2,1,False,Win,2016,0,-0.29999999999999716,-2.299999999999997,-3.200000000000003,-12,4,3,0,-1,-7,-3,1,16
2016-09-06,Sweden,Netherlands,1,1,False,Draw,2016,-8,-2.5999999999999943,1.2999999999999972,-5.799999999999997,-40,-6,-16,0,0,-1,6,0,14
2016-09-06,Switzerland,Portugal,2,0,False,Win,2016,0,-3.200000000000003,-11,-3.5,-6,3,-19,1,1,5,-1,2,12
2016-09-06,Uruguay,Paraguay,4,0,False,Win,2016,7,6.799999999999997,8,1.2000000000000028,8,4,4,1,0,-3,0,4,-30
2016-09-06,Venezuela,Argentina,2,2,False,Draw,2016,-10,-9,-13.700000000000003,-8.200000000000003,-38,-3,-5,-2,0,-1,3,0,45
2016-10-06,Austria,Wales,2,2,False,Draw,2016,0,0,-2.299999999999997,4.599999999999994,24,3,8,1,0,-3,-2,0,16
2016-10-06,Brazil,Bolivia,5,0,False,Win,2016,17,18.5,17,15.5,42,8,16,-1,0,4,-3,5,-71
2016-10-06,Ecuador,Chile,3,0,False,Win,2016,-11,-4,-4,-5.799999999999997,-10,8,11,0,0,3,-5,3,13
2016-10-06,Iceland,Finland,3,2,False,Win,2016,-11,-1,0,3.4000000000000057,22,7,15,-3,0,-9,-6,1,-57
2016-10-06,Republic of Ireland,Georgia,1,0,False,Win,2016,3,6.200000000000003,12,4,-14,1,-1,0,0,0,0,1,-106
2016-10-06,Italy,Spain,1,1,False,Draw,2016,-2,-0.4000000000000057,-2.5999999999999943,-2.799999999999997,-28,-2,-6,-2,0,2,2,0,2
2016-10-06,Kosovo,Croatia,0,6,True,Lose,2016,-11,-14,-7.299999999999997,-12.700000000000003,-24,-3,-6,1,0,1,-3,-6,154
2016-10-06,Paraguay,Colombia,0,1,False,Lose,2016,-3,-2.200000000000003,-4.299999999999997,-4.200000000000003,2,4,5,3,0,5,-4,-1,32
2016-10-06,Peru,Argentina,2,2,False,Draw,2016,-8,-10.299999999999997,-16.299999999999997,-11.200000000000003,-10,-2,7,-3,0,-4,2,0,24
2016-10-06,Turkey,Ukraine,2,2,False,Draw,2016,1,3,1.7000000000000028,3.4000000000000057,-20,-1,-1,-1,0,-2,1,0,-8
2016-10-06,Uruguay,Venezuela,3,0,False,Win,2016,11,8,8.700000000000003,2.200000000000003,-2,6,8,-1,-1,-2,-3,3,-51
2016-10-07,Belgium,Bosnia and Herzegovina,4,0,False,Win,2016,6,7.299999999999997,8.700000000000003,3,0,4,-4,-2,0,-4,-1,4,-21
2016-10-07,France,Bulgaria,4,1,False,Win,2016,14,13.299999999999997,19.700000000000003,11.400000000000006,34,4,8,0,0,4,-1,3,-66
2016-10-07,Hungary,Switzerland,2,3,False,Lose,2016,-11,-8.799999999999997,-1.4000000000000057,-4.799999999999997,-6,-3,4,-2,0,-2,2,-1,4
2016-10-08,Germany,Czech Republic,3,0,False,Win,2016,4,10.700000000000003,5.299999999999997,10.200000000000003,32,8,9,-2,0,-4,-5,3,-30
2016-10-08,Ivory Coast,Mali,3,1,False,Win,2016,-2,7.200000000000003,5.700000000000003,5.700000000000003,0,0,0,1,0,0,0,2,-21
2016-10-08,Poland,Denmark,3,2,False,Win,2016,-1,-0.20000000000000284,5,-0.7000000000000028,-24,4,2,-1,0,3,-2,1,-29
2016-10-08,Slovenia,Slovakia,1,0,False,Win,2016,14,-1.7999999999999972,7,-1.2000000000000028,-2,1,1,-2,0,1,0,1,39
2016-10-09,Albania,Spain,0,2,False,Lose,2016,-15,-13,-16,-14,-54,-6,-12,1,0,8,4,-2,29
2016-10-09,Algeria,Cameroon,1,1,False,Draw,2016,-11,-4.200000000000003,3.700000000000003,1.7000000000000028,0,0,0,-1,0,0,0,0,-24
2016-10-09,Congo,Egypt,1,2,False,Lose,2016,-7,0.7999999999999972,-6,-3.700000000000003,0,0,0,0,0,0,0,-1,1
2016-10-09,Finland,Croatia,0,1,False,Lose,2016,-5,-9,-6,-11.700000000000003,-28,-5,-7,1,0,9,4,-1,70
2016-10-09,Iceland,Turkey,2,0,False,Win,2016,-14,-9.200000000000003,-4,-5,-10,4,8,0,0,8,-3,2,6
2016-10-09,Serbia,Austria,3,2,False,Win,2016,1,2.200000000000003,2.299999999999997,-1,-14,0,0,1,0,9,1,1,24
2016-10-09,Tunisia,Guinea,2,0,False,Win,2016,0,5,0,-0.7999999999999972,0,0,0,0,0,0,0,2,-19
2016-10-09,Ukraine,Kosovo,3,0,True,Win,2016,8,10.200000000000003,3.5999999999999943,6,28,7,6,-2,0,0,-4,3,-139
2016-10-09,Wales,Georgia,1,1,False,Draw,2016,2,7,12.299999999999997,3.200000000000003,2,1,-4,-4,0,-6,-1,0,-127
2016-10-10,Netherlands,France,0,1,False,Lose,2016,-7,-3,-6.299999999999997,-2.200000000000003,0,-3,-6,1,0,2,2,-1,16
2016-10-10,Sweden,Bulgaria,3,0,False,Win,2016,-1,7.700000000000003,14.700000000000003,3.4000000000000057,10,8,16,0,0,5,-5,3,-33
2016-10-11,Argentina,Paraguay,0,1,False,Lose,2016,6,7.799999999999997,13,7.200000000000003,40,2,9,1,0,0,-3,-1,-35
2016-10-11,Bolivia,Ecuador,2,2,False,Draw,2016,-8,-5.799999999999997,-6,-7.700000000000003,-2,2,-2,2,-1,6,-3,0,56
2016-10-11,Chile,Peru,2,1,False,Win,2016,11,4.299999999999997,6.299999999999997,9,38,5,7,0,0,4,-4,1,-19
2016-10-11,Colombia,Uruguay,2,2,False,Draw,2016,-4,-4.599999999999994,-3.700000000000003,3,22,1,1,-2,0,-2,0,0,-5
2016-10-11,Denmark,Montenegro,0,1,False,Lose,2016,26,3.5,-0.7000000000000028,11.200000000000003,38,5,16,2,0,5,-6,-1,-59
2016-10-11,Germany,Northern Ireland,2,0,False,Win,2016,22,12.400000000000006,10.299999999999997,14.799999999999997,50,3,21,-1,0,0,-1,2,-27
2016-10-11,Slovakia,Scotland,3,0,False,Win,2016,-3,4,-5.599999999999994,1.7999999999999972,-6,3,0,1,0,6,0,3,-16
2016-10-11,Slovenia,England,0,0,False,Draw,2016,3,-7.299999999999997,-7.599999999999994,-5.200000000000003,-34,0,1,-1,0,4,0,0,55
2016-10-11,Venezuela,Brazil,0,2,False,Lose,2016,-11,-11.700000000000003,-10.700000000000003,-8,-32,-3,-1,2,0,-2,1,-2,56
2016-11-10,Brazil,Argentina,3,0,False,Win,2016,1,2.700000000000003,-3,-0.20000000000000284,-8,3,3,-1,0,1,1,3,2
2016-11-10,Colombia,Chile,0,0,False,Draw,2016,-6,0.4000000000000057,1.2999999999999972,-0.7999999999999972,26,2,15,0,0,6,-2,0,-1
2016-11-10,Paraguay,Peru,1,4,False,Lose,2016,2,2.5,3.299999999999997,4,-14,-9,-16,0,0,4,7,-3,14
2016-11-10,Uruguay,Ecuador,2,1,False,Win,2016,9,9,9,2,-26,1,-1,-1,0,-2,0,1,-10
2016-11-10,Venezuela,Bolivia,5,0,False,Win,2016,6,6.799999999999997,6.299999999999997,7.5,-36,11,12,-2,0,-9,-6,5,-12
2016-11-11,Czech Republic,Norway,2,1,False,Win,2016,11,1.7000000000000028,3.299999999999997,1.5999999999999943,-24,2,-5,0,0,3,-1,1,-41
2016-11-11,England,Scotland,3,0,False,Win,2016,8,9.5,9,5.799999999999997,36,1,-3,1,0,-7,2,3,-45
2016-11-11,France,Sweden,2,1,False,Win,2016,15,5.599999999999994,5,8,38,6,14,-2,0,-3,-5,1,-32
2016-11-11,Romania,Poland,0,3,False,Lose,2016,-3,-2.799999999999997,-6.599999999999994,-4.299999999999997,-10,-3,-6,3,0,7,2,-3,19
2016-11-11,United States,Mexico,1,2,False,Lose,2016,1,-1.2999999999999972,-6.400000000000006,-5,-16,3,-1,-1,-1,4,-4,-1,7
2016-11-12,Austria,Republic of Ireland,0,1,False,Lose,2016,-1,0.7999999999999972,-2,3.799999999999997,30,4,9,0,0,3,-5,-1,-3
2016-11-12,Croatia,Iceland,2,0,False,Win,2016,16,10,6,8.299999999999997,26,6,7,1,1,-2,-4,2,-5
2016-11-12,Morocco,Ivory Coast,0,0,False,Draw,2016,1,-3.200000000000003,-3.700000000000003,0,0,0,0,-1,0,0,0,0,29
2016-11-12,Nigeria,Algeria,3,1,False,Win,2016,14,-1.5,-4.700000000000003,-2.299999999999997,0,0,0,-1,0,0,0,2,25
2016-11-12,Turkey,Kosovo,2,0,False,Win,2016,9,13.200000000000003,5.299999999999997,9.400000000000006,40,7,6,-1,0,2,-5,2,-139
2016-11-12,Ukraine,Finland,1,0,False,Win,2016,2,5.200000000000003,2.299999999999997,5,24,0,7,3,0,1,1,1,-72
2016-11-12,Wales,Serbia,1,1,False,Draw,2016,-1,-2.200000000000003,0,-3.5999999999999943,0,-1,-1,1,0,3,1,0,-32
2016-11-13,Egypt,Ghana,2,0,False,Win,2016,4,-4.5,-5.400000000000006,-2.5,0,0,0,-2,0,0,0,2,1
2016-11-13,Greece,Bosnia and Herzegovina,1,1,False,Draw,2016,-1,4.5,-0.7000000000000028,-1.7000000000000028,-6,1,-3,-2,0,-5,-1,0,14
2016-11-13,Guinea,Congo DR,1,2,False,Lose,2016,-14,-4,-5,-0.4000000000000057,0,0,0,-1,0,0,0,-1,15
2016-11-15,Argentina,Colombia,3,0,False,Win,2016,3,5.599999999999994,8.700000000000003,3,-8,5,1,0,0,-1,-2,3,-4
2016-11-15,Bolivia,Paraguay,1,0,False,Win,2016,-10,-8,-7,-8.5,22,3,13,0,1,9,-3,1,43
2016-11-15,Chile,Uruguay,3,1,False,Win,2016,2,-5,-5,3.799999999999997,20,-2,0,-3,0,0,4,2,-3
2016-11-15,Costa Rica,United States,4,0,False,Win,2016,4,-2,-6,1,-4,8,9,-2,0,-1,-4,4,-6
2016-11-15,Ecuador,Venezuela,3,0,False,Win,2016,2,-1,-0.29999999999999716,0.20000000000000284,38,7,16,-1,0,-3,-4,3,-49
2016-11-15,Peru,Brazil,0,2,False,Lose,2016,-9,-13,-13.299999999999997,-11,-22,-2,-7,1,0,-6,0,-2,20
2017-03-23,Argentina,Chile,1,0,False,Win,2017,-3,6,10,2.200000000000003,-20,1,2,1,0,10,0,1,-3
2017-03-23,Colombia,Bolivia,1,0,False,Win,2017,13,10.200000000000003,11.299999999999997,12.700000000000003,48,6,19,-1,0,4,-5,1,-90
2017-03-23,Paraguay,Ecuador,2,1,False,Win,2017,2,2.200000000000003,1,0.7999999999999972,-12,2,-5,-2,0,3,-1,1,21
2017-03-23,Uruguay,Brazil,1,4,False,Lose,2017,0,-3.700000000000003,-2,-5.799999999999997,-38,-3,8,0,0,5,0,-3,7
2017-03-23,Venezuela,Peru,2,2,False,Draw,2017,-2,1.2999999999999972,2.5999999999999943,3,-6,0,-2,-1,0,-5,1,0,41
2017-03-24,Croatia,Ukraine,1,0,False,Win,2017,3,3.799999999999997,3.700000000000003,6.700000000000003,-10,-1,3,-1,0,2,2,1,-15
2017-03-24,Republic of Ireland,Wales,0,0,False,Draw,2017,1,-0.7999999999999972,-0.29999999999999716,0.7999999999999972,-16,-1,5,0,-1,1,1,0,12
2017-03-24,Italy,Albania,2,0,False,Win,2017,13,12.599999999999994,13.400000000000006,11.200000000000003,16,4,5,-5,0,-1,-2,2,-39
2017-03-24,Kosovo,Iceland,1,2,True,Lose,2017,5,-4,-1.2999999999999972,-4.400000000000006,18,-2,0,2,0,5,1,-1,141
2017-03-24,Mexico,Costa Rica,2,0,False,Win,2017,-5,3.299999999999997,12.400000000000006,4,10,2,2,0,0,5,0,2,-2
2017-03-24,Turkey,Finland,2,0,False,Win,2017,3,8.200000000000003,4,8.400000000000006,-10,1,1,-4,0,-13,1,2,-73
2017-03-25,Belgium,Greece,1,1,False,Draw,2017,7,2.799999999999997,9.400000000000006,4.700000000000003,42,4,15,2,-2,4,-4,0,-41
2017-03-25,Bulgaria,Netherlands,2,0,False,Win,2017,-7,-10.299999999999997,-13.400000000000006,-9.200000000000003,-48,1,-3,0,0,-3,1,2,50
2017-03-25,Portugal,Hungary,3,0,False,Win,2017,11,12,12.400000000000006,8.299999999999997,14,4,9,-3,0,1,-1,3,-19
2017-03-26,Montenegro,Poland,1,2,False,Lose,2017,-25,-3.299999999999997,-4.299999999999997,-10.5,-30,-3,3,3,0,6,2,-1,52
2017-03-26,Northern Ireland,Norway,2,0,False,Win,2017,-7,0,-1.7000000000000028,-3,-14,-1,3,0,0,-6,3,2,-46
2017-03-26,Romania,Denmark,0,0,False,Draw,2017,-4,-3,-1.5999999999999943,-5,-20,0,-5,-1,0,-2,0,0,-9
2017-03-26,Scotland,Slovenia,1,0,False,Win,2017,-11,-2.200000000000003,-1.4000000000000057,-0.5999999999999943,22,5,12,-5,0,-2,-4,1,9
2017-03-28,Bolivia,Argentina,2,0,False,Win,2017,-16,-15.799999999999997,-20,-15.700000000000003,-6,-1,-5,0,0,9,4,2,96
2017-03-28,Brazil,Paraguay,3,0,False,Win,2017,7,10.5,10,7,34,7,21,-3,0,-10,-4,3,-41
2017-03-28,Chile,Venezuela,3,1,False,Win,2017,13,3,3.700000000000003,6,40,4,8,0,0,-1,-1,2,-55
2017-03-28,Ecuador,Colombia,0,2,False,Lose,2017,-5,-4.400000000000006,-5.299999999999997,-5,14,-2,-1,1,1,0,0,-2,15
2017-03-28,Peru,Uruguay,2,1,False,Win,2017,-9,-9.299999999999997,-11.299999999999997,-5.200000000000003,16,-1,8,3,-1,6,2,1,9
2017-06-09,Bosnia and Herzegovina,Greece,0,0,False,Draw,2017,1,-4.5,0.7000000000000028,1.7000000000000028,2,6,3,1,0,7,-6,0,-11
2017-06-09,Sweden,France,2,1,False,Win,2017,-15,-5.599999999999994,-5,-8,-12,-3,-8,-1,0,-5,4,1,28
2017-06-10,Norway,Czech Republic,1,1,False,Draw,2017,-11,-1.7000000000000028,-3.299999999999997,-1.5999999999999943,4,2,9,-2,0,-8,-2,0,43
2017-06-10,Poland,Romania,3,1,False,Win,2017,3,2.799999999999997,6.599999999999994,4.299999999999997,16,2,-2,-1,0,1,0,2,-36
2017-06-10,Scotland,England,2,2,False,Draw,2017,-8,-9.5,-9,-5.799999999999997,-22,-6,-8,-1,0,-2,6,0,48
2017-06-11,Finland,Ukraine,1,2,False,Lose,2017,-2,-5.200000000000003,-2.299999999999997,-5,4,-5,-3,-2,0,-1,4,-1,71
2017-06-11,Iceland,Croatia,1,0,False,Win,2017,-16,-10,-6,-8.299999999999997,-18,1,2,0,0,-4,0,1,4
2017-06-11,Republic of Ireland,Austria,1,1,False,Draw,2017,1,-0.7999999999999972,2,-3.799999999999997,8,-1,5,2,0,4,1,0,-9
2017-06-11,Kosovo,Turkey,1,4,True,Lose,2017,-9,-13.200000000000003,-5.299999999999997,-9.400000000000006,-18,-4,-3,0,1,3,1,-3,148
2017-06-11,Mexico,United States,1,1,False,Draw,2017,-1,1.2999999999999972,6.400000000000006,5,48,-1,3,-2,0,-8,1,0,-6
2017-06-11,Serbia,Wales,1,1,False,Draw,2017,1,2.200000000000003,0,3.5999999999999943,14,-1,8,1,0,-2,1,0,37
2017-08-31,Brazil,Ecuador,2,0,False,Win,2017,9,12.700000000000003,11,7.799999999999997,50,8,10,1,0,0,-6,2,-31
2017-08-31,Bulgaria,Sweden,3,2,False,Win,2017,1,-7.700000000000003,-14.700000000000003,-3.4000000000000057,-18,-2,-4,3,0,1,3,1,33
2017-08-31,Chile,Paraguay,0,3,False,Lose,2017,9,1.7999999999999972,3,5,46,-1,0,3,0,-1,-1,-3,-33
2017-08-31,France,Netherlands,4,0,False,Win,2017,7,3,6.299999999999997,2.200000000000003,22,11,15,3,-1,-2,-7,4,-26
2017-08-31,Peru,Bolivia,2,1,False,Win,2017,8,5.5,3.700000000000003,4.5,26,4,4,1,0,4,-3,1,-53
2017-08-31,Uruguay,Argentina,0,0,False,Draw,2017,1,-1,-5,-6,-60,-1,-2,1,0,1,1,0,14
2017-08-31,Venezuela,Colombia,0,0,False,Draw,2017,-7,-3.4000000000000057,-5,-5.200000000000003,-18,-1,2,1,0,0,1,0,61
2017-09-01,Czech Republic,Germany,1,2,False,Lose,2017,-6,-9.599999999999994,-8,-9.5,-52,0,6,0,0,10,-1,-1,38
2017-09-01,Denmark,Poland,4,0,False,Win,2017,1,0.29999999999999716,-5.400000000000006,2.799999999999997,0,5,3,-1,0,3,-1,4,41
2017-09-01,Ghana,Congo,1,1,False,Draw,2017,4,3,9.599999999999994,6.299999999999997,36,0,10,-4,0,-20,0,0,-31
2017-09-01,Morocco,Mali,6,0,False,Win,2017,-3,3.5,0.5999999999999943,8,26,8,9,-2,-2,-11,-2,6,-5
2017-09-01,Nigeria,Cameroon,4,0,False,Win,2017,1,-4.599999999999994,-3.4000000000000057,0,-4,4,3,-1,0,-13,0,4,3
2017-09-01,Slovakia,Slovenia,1,0,False,Win,2017,-17,1.7999999999999972,-8.700000000000003,1.5999999999999943,30,6,10,0,0,-4,-6,1,-29
2017-09-01,Tunisia,Congo DR,2,1,False,Win,2017,-5,-0.5,-4.599999999999994,-1.7000000000000028,30,0,7,1,0,12,1,1,6
2017-09-01,United States,Costa Rica,0,2,False,Lose,2017,-7,2.299999999999997,3.700000000000003,3.700000000000003,22,0,5,0,0,-8,-2,-2,5
2017-09-02,Finland,Iceland,1,0,False,Win,2017,14,1.7000000000000028,-4.299999999999997,-1.5999999999999943,-12,3,-4,0,-1,-3,-2,1,90
2017-09-02,Georgia,Republic of Ireland,1,1,False,Draw,2017,-2,-5.200000000000003,-4,-4.200000000000003,48,-5,1,1,0,-4,5,0,83
2017-09-02,Senegal,Burkina Faso,0,0,False,Draw,2017,7,13.299999999999997,8,7.299999999999997,30,-1,2,-3,1,0,1,0,-16
2017-09-02,Spain,Italy,3,0,False,Win,2017,1,0.7999999999999972,1,2.799999999999997,10,0,4,-2,0,4,3,3,-1
2017-09-02,Ukraine,Turkey,2,0,False,Win,2017,0,-2.4000000000000057,-2.4000000000000057,-2.200000000000003,4,5,12,0,0,0,-3,2,-6
2017-09-02,Wales,Austria,1,0,False,Win,2017,-1,0,3,-5.799999999999997,-4,2,6,-1,0,-8,-1,1,-19
2017-09-03,Greece,Belgium,1,2,False,Lose,2017,-7,-1.7000000000000028,-12,-9,-32,-2,-3,-3,0,-9,1,-1,29
2017-09-03,Hungary,Portugal,0,1,False,Lose,2017,-7,-10.5,-10.700000000000003,-9,-46,-3,-16,3,1,7,2,-1,50
2017-09-03,Netherlands,Bulgaria,3,1,False,Win,2017,7,11.400000000000006,14.599999999999994,9.799999999999997,30,3,10,-4,0,2,-1,2,-16
2017-09-04,Cameroon,Nigeria,1,1,False,Draw,2017,-1,4.599999999999994,3.4000000000000057,0,38,0,-5,0,0,2,0,0,-3
2017-09-04,England,Slovakia,2,1,False,Win,2017,11,5.799999999999997,16,4,-8,8,18,0,0,6,-7,1,-9
2017-09-04,Germany,Norway,6,0,False,Win,2017,10,11,6.700000000000003,11.299999999999997,48,9,20,-2,0,-4,-3,6,-83
2017-09-04,Montenegro,Romania,1,0,False,Win,2017,-12,-1.4000000000000057,4.400000000000006,-4.400000000000006,-6,3,7,1,0,-9,-2,1,10
2017-09-04,Northern Ireland,Czech Republic,2,0,False,Win,2017,-16,-1.2000000000000028,-2.700000000000003,-4,-54,1,-6,-1,0,-2,1,2,-17
2017-09-05,Argentina,Venezuela,1,1,False,Draw,2017,8,7.5,13.700000000000003,8.5,52,4,14,-2,0,0,-5,0,-66
2017-09-05,Austria,Georgia,1,1,False,Draw,2017,2,6,10.299999999999997,7,18,-1,9,1,0,-3,1,0,-75
2017-09-05,Bolivia,Chile,1,0,False,Win,2017,-14,-11.5,-14.700000000000003,-12.599999999999994,-10,3,9,2,1,12,-2,1,61
2017-09-05,Burkina Faso,Senegal,2,2,False,Draw,2017,-7,-13.299999999999997,-8,-7.299999999999997,-10,-3,2,-1,1,-2,2,0,16
2017-09-05,Colombia,Brazil,1,1,False,Draw,2017,-4,-8,-5,-3.299999999999997,-4,1,-3,0,0,-3,-1,0,7
2017-09-05,Congo,Ghana,1,5,False,Lose,2017,-4,-3,-9.599999999999994,-6.299999999999997,0,0,5,-3,0,-10,-4,-4,31
2017-09-05,Congo DR,Tunisia,2,2,False,Draw,2017,5,0.5,4.599999999999994,1.7000000000000028,-14,1,-9,0,0,-10,0,0,-6
2017-09-05,Costa Rica,Mexico,1,1,False,Draw,2017,6,-3.299999999999997,-10,-5.5,6,0,2,1,0,5,1,0,7
2017-09-05,Iceland,Ukraine,2,0,False,Win,2017,-12,-6,-0.29999999999999716,-2,-26,-2,-2,-1,0,1,4,2,-7
2017-09-05,Republic of Ireland,Serbia,0,1,False,Lose,2017,1,-3,-1.7000000000000028,-4,-2,0,9,0,-1,4,-1,-1,-13
2017-09-05,North Macedonia,Albania,1,1,False,Draw,2017,-7,-7,2.299999999999997,-1.2000000000000028,14,7,16,-2,0,-10,-7,0,72
2017-09-05,Mali,Morocco,0,0,False,Draw,2017,3,-3.5,-0.5999999999999943,-8,-10,-2,-1,1,0,2,2,0,5
2017-09-05,Paraguay,Uruguay,1,2,False,Lose,2017,-9,-7.5,-8.599999999999994,-0.5,-4,2,2,2,0,3,-2,-1,23
2017-09-05,Turkey,Croatia,1,0,False,Win,2017,-6,-1.5999999999999943,-2.5999999999999943,-5.799999999999997,-6,-1,-4,-2,0,-3,2,1,17
2017-10-05,Bolivia,Brazil,0,0,False,Draw,2017,-15,-20.299999999999997,-20.700000000000003,-14.599999999999994,-24,-12,-11,1,0,11,10,0,44
2017-10-05,Chile,Ecuador,2,1,False,Win,2017,9,6.200000000000003,5.700000000000003,3.5999999999999943,2,0,-1,1,-1,-5,1,1,-26
2017-10-05,Colombia,Paraguay,1,2,False,Lose,2017,6,3.799999999999997,5.299999999999997,3,34,4,3,-1,0,1,-4,-1,-29
2017-10-05,England,Slovenia,1,0,False,Win,2017,-6,7.599999999999994,7.299999999999997,5.599999999999994,34,4,12,-4,0,-6,-3,1,-40
2017-10-05,Montenegro,Denmark,0,1,False,Lose,2017,-18,-5.700000000000003,-1.5999999999999943,-11.200000000000003,-4,-4,2,3,0,1,3,-1,11
2017-10-05,Northern Ireland,Germany,1,3,False,Lose,2017,-22,-10.799999999999997,-10.700000000000003,-13.5,-48,-3,-4,0,0,-3,1,-2,19
2017-10-05,Scotland,Slovakia,1,0,False,Win,2017,3,-3.799999999999997,6.400000000000006,-2.299999999999997,0,5,10,0,-1,-1,-5,1,24
2017-10-05,Venezuela,Uruguay,0,0,False,Draw,2017,-7,-7,-8.299999999999997,-3,-4,0,2,1,0,-3,0,0,52
2017-10-06,Austria,Serbia,3,2,False,Win,2017,1,-2.200000000000003,4.599999999999994,-1.2000000000000028,4,4,13,5,0,8,-3,1,25
2017-10-06,Croatia,Finland,1,1,False,Draw,2017,4,8.299999999999997,9.599999999999994,11.599999999999994,20,3,9,0,0,-2,-3,0,-69
2017-10-06,Georgia,Wales,0,1,False,Lose,2017,-1,-6,-13.299999999999997,-1.2000000000000028,16,-2,-4,-1,0,-2,1,-1,90
2017-10-06,Italy,North Macedonia,1,1,False,Draw,2017,18,19.799999999999997,11.400000000000006,13.200000000000003,14,0,2,-1,0,0,0,0,-86
2017-10-06,Mali,Ivory Coast,0,0,False,Draw,2017,5,-6.200000000000003,-4.299999999999997,-9.299999999999997,8,3,18,-3,0,-11,-3,0,22
2017-10-06,Spain,Albania,3,0,False,Win,2017,12,13.599999999999994,14.700000000000003,14.799999999999997,28,4,14,-3,0,1,-1,3,-55
2017-10-06,Turkey,Iceland,0,3,False,Lose,2017,12,8.400000000000006,2.700000000000003,4.200000000000003,50,-6,-7,2,0,5,3,-3,5
2017-10-07,Bosnia and Herzegovina,Belgium,3,4,False,Lose,2017,-7,-7.299999999999997,-7.599999999999994,-6.299999999999997,-30,-5,-7,0,0,4,4,-1,31
2017-10-07,Bulgaria,France,0,1,False,Lose,2017,-14,-14.200000000000003,-16.599999999999994,-13.200000000000003,-8,0,-3,3,0,3,-1,-1,30
2017-10-07,Cameroon,Algeria,2,0,False,Win,2017,11,2,1,-6,-12,1,-3,1,0,-7,1,2,-17
2017-10-07,South Africa,Burkina Faso,3,1,False,Win,2017,11,6.799999999999997,0.5999999999999943,3.299999999999997,-22,-1,-8,0,1,17,3,2,31
2017-10-07,Switzerland,Hungary,5,2,False,Win,2017,8,7.5,0.7000000000000028,5.599999999999994,32,5,17,-2,0,-5,-2,3,-52
2017-10-08,Denmark,Romania,1,1,False,Draw,2017,6,4.299999999999997,6,6.799999999999997,32,0,6,-3,-1,-3,0,0,-15
2017-10-08,Egypt,Congo,2,1,False,Win,2017,8,1,4.599999999999994,4.599999999999994,12,4,9,-1,0,-9,-3,1,-65
2017-10-08,Norway,Northern Ireland,1,0,False,Win,2017,12,-0.20000000000000284,4,2.200000000000003,12,-1,5,-1,0,5,1,1,53
2017-10-08,Poland,Montenegro,4,2,False,Win,2017,17,5.400000000000006,7,8.400000000000006,8,1,0,-3,0,-2,0,2,-31
2017-10-08,Slovenia,Scotland,2,2,False,Draw,2017,14,2,2.299999999999997,0.7000000000000028,34,3,7,-1,1,11,-3,0,12
2017-10-09,Albania,Italy,0,1,False,Lose,2017,-11,-12.799999999999997,-13.700000000000003,-12,-20,-2,-8,0,0,1,1,-1,49
2017-10-09,Finland,Turkey,2,2,False,Draw,2017,2,-6.700000000000003,-7,-5.799999999999997,-20,0,6,-2,0,1,0,0,60
2017-10-09,Serbia,Georgia,1,0,False,Win,2017,1,8.200000000000003,5.700000000000003,8.200000000000003,-2,2,10,1,0,-4,-1,1,-71
2017-10-09,Ukraine,Croatia,0,2,False,Lose,2017,-6,-4,-5,-8,0,0,1,2,0,6,-2,-2,6
2017-10-09,Wales,Republic of Ireland,0,1,False,Lose,2017,-1,0.7999999999999972,9.299999999999997,-3,42,2,8,-4,0,0,-3,-1,-21
2017-10-10,Brazil,Chile,3,0,False,Win,2017,1,8.799999999999997,6,2,22,7,7,0,0,6,-4,3,-7
2017-10-10,Ecuador,Argentina,1,3,False,Lose,2017,-10,-11.200000000000003,-15.400000000000006,-5.299999999999997,10,-4,-4,-1,0,6,2,-2,31
2017-10-10,Netherlands,Sweden,2,0,False,Win,2017,6,2.700000000000003,2.299999999999997,4,38,6,16,0,0,-3,-4,2,6
2017-10-10,Paraguay,Venezuela,0,1,False,Lose,2017,-2,-0.5,-0.29999999999999716,2.5,16,-1,5,-1,0,-5,0,-1,-29
2017-10-10,Portugal,Switzerland,2,0,False,Win,2017,-1,3,10,3.4000000000000057,2,3,3,-1,0,-6,-2,2,-4
2017-10-10,Uruguay,Bolivia,4,2,False,Win,2017,14,16,19,8.799999999999997,12,11,16,-1,0,1,-7,2,-30
2017-11-09,Croatia,Greece,4,1,False,Win,2017,3,-1,4,9,18,6,10,-3,0,-3,-3,3,-29
2017-11-09,Northern Ireland,Switzerland,0,1,False,Lose,2017,-14,-4,-3.700000000000003,-5.799999999999997,-28,-2,-11,0,0,2,1,-1,12
2017-11-10,South Africa,Senegal,0,2,False,Lose,2017,4,-6.5,-7.400000000000006,-4,44,1,8,0,0,-12,-2,-2,42
2017-11-10,Sweden,Italy,1,0,False,Win,2017,-14,-7.5,-1.7000000000000028,-5.400000000000006,-26,1,-2,0,0,3,0,1,10
2017-11-11,Denmark,Republic of Ireland,0,0,False,Draw,2017,8,2.5,4.299999999999997,3.799999999999997,44,3,6,0,0,6,-3,0,-7
2017-11-11,Ivory Coast,Morocco,0,2,False,Lose,2017,-2,2.700000000000003,3.700000000000003,1.2999999999999972,16,-5,-1,1,0,1,3,-2,13
2017-11-12,Ghana,Egypt,1,1,False,Draw,2017,-4,2,5,1.7000000000000028,28,3,16,-2,0,1,-3,0,22
2017-11-12,Greece,Croatia,0,0,False,Draw,2017,-3,1,-4,-9,28,1,2,1,0,-5,-1,0,29
2017-11-12,Switzerland,Northern Ireland,0,0,False,Draw,2017,14,4,3.700000000000003,5.799999999999997,4,-1,6,-1,0,-7,1,0,-12
2017-11-13,Italy,Sweden,0,0,False,Draw,2017,14,7.5,1.7000000000000028,5.400000000000006,52,5,23,-1,0,1,-5,0,-10
2017-11-14,Republic of Ireland,Denmark,1,5,False,Lose,2017,-8,-2.5,-4.299999999999997,-3.799999999999997,-18,-8,-7,0,0,5,4,-4,7
2017-11-14,Senegal,South Africa,2,1,False,Win,2017,-4,6.5,7.400000000000006,4,16,0,3,-1,0,-1,1,1,-42
2018-06-14,Russia,Saudi Arabia,5,0,False,Win,2018,6,4.299999999999997,8.700000000000003,5.299999999999997,-18,7,7,0,0,12,-2,5,3
2018-06-15,Egypt,Uruguay,0,1,True,Lose,2018,-9,-11,-11,-3.200000000000003,-15,-1,-6,2,0,6,0,-1,31
2018-06-15,Portugal,Spain,3,3,True,Draw,2018,-7,-4.799999999999997,0.29999999999999716,-3.799999999999997,-24,-2,-4,0,0,2,2,0,-6
2018-06-16,France,Australia,2,1,True,Win,2018,11,11.799999999999997,13.299999999999997,11.400000000000006,2,4,9,-2,0,-3,-3,1,-29
2018-06-16,Argentina,Iceland,1,1,True,Draw,2018,16,12.200000000000003,16.700000000000003,7.700000000000003,46,4,17,0,0,-5,-5,0,-17
2018-06-16,Croatia,Nigeria,2,0,True,Win,2018,4,6.599999999999994,4,10.299999999999997,6,0,-3,1,0,4,1,2,-28
2018-06-17,Costa Rica,Serbia,0,1,True,Lose,2018,11,-5.5,-3.700000000000003,-6.700000000000003,0,0,0,0,0,3,-1,-1,-11
2018-06-17,Germany,Mexico,0,1,True,Lose,2018,13,8,1,7.5,22,5,13,0,0,-5,-6,-1,-14
2018-06-17,Brazil,Switzerland,1,1,True,Draw,2018,-1,7.799999999999997,12,4,8,2,14,-2,0,-7,-2,0,-4
2018-06-18,Sweden,South Korea,1,0,True,Win,2018,1,5,8,1.2999999999999972,4,5,10,-1,0,-3,-3,1,-33
2018-06-18,Tunisia,England,1,2,True,Lose,2018,-19,-8.799999999999997,-11.599999999999994,-9.299999999999997,-20,-6,-11,-1,0,6,5,-1,9
2018-06-19,Colombia,Japan,1,2,True,Lose,2018,7,3.5999999999999943,5.299999999999997,1.7000000000000028,-16,-3,-6,1,1,6,2,-1,-45
2018-06-19,Poland,Senegal,1,2,True,Lose,2018,9,-0.29999999999999716,2,-0.5999999999999943,18,2,2,-1,0,-7,-2,-1,-19
2018-06-19,Russia,Egypt,3,1,False,Win,2018,6,7,5.400000000000006,5,-8,2,-2,0,0,1,-1,2,25
2018-06-20,Portugal,Morocco,1,0,True,Win,2018,12,5.5,9.700000000000003,3,-8,-2,-6,0,0,-4,3,1,-37
2018-06-20,Uruguay,Saudi Arabia,1,0,True,Win,2018,9,8.299999999999997,14.299999999999997,3.5,-6,1,5,0,0,-3,0,1,-53
2018-06-21,Denmark,Australia,1,1,True,Draw,2018,6,7.299999999999997,4.299999999999997,6.200000000000003,-4,0,-4,2,0,2,-1,0,-24
2018-06-21,Argentina,Croatia,0,3,True,Lose,2018,-2,2.200000000000003,11.400000000000006,-2.299999999999997,16,-2,-5,-1,0,-8,-1,-3,-15
2018-06-22,Brazil,Costa Rica,2,0,True,Win,2018,-2,12.299999999999997,16,9.299999999999997,38,9,19,1,0,0,-7,2,-21
2018-06-22,Nigeria,Iceland,2,0,True,Win,2018,14,3.4000000000000057,1.2999999999999972,-0.29999999999999716,12,1,6,1,0,-1,1,2,26
2018-06-22,Serbia,Switzerland,1,2,True,Lose,2018,-10,1,-0.29999999999999716,1.4000000000000057,-16,-2,-8,3,0,5,1,-1,28
2018-06-23,Belgium,Tunisia,5,2,True,Win,2018,26,9.5,15.599999999999994,12.299999999999997,4,7,8,-1,0,-1,-3,3,-18
2018-06-23,South Korea,Mexico,1,2,True,Lose,2018,-5,-4.299999999999997,-7,-2.5,-16,1,4,4,0,17,-2,-1,42
2018-06-23,Germany,Sweden,2,1,True,Win,2018,17,7.299999999999997,0,8.700000000000003,42,-1,8,-2,1,-1,0,1,-23
2018-06-24,Japan,Senegal,2,2,True,Draw,2018,-1,-4.299999999999997,-4,0,6,-4,-6,-1,0,-6,4,0,34
2018-06-24,Poland,Colombia,0,3,True,Lose,2018,3,0.4000000000000057,0.7000000000000028,-2.299999999999997,-10,-1,-4,2,0,5,-2,-3,-8
2018-06-25,Saudi Arabia,Egypt,2,1,True,Win,2018,0,2.700000000000003,-3.299999999999997,-0.29999999999999716,24,6,14,-2,0,-9,-5,1,22
2018-06-25,Spain,Morocco,2,2,True,Draw,2018,19,10.299999999999997,9.400000000000006,6.799999999999997,38,1,10,-6,0,-12,-1,0,-31
2018-06-26,Denmark,France,0,0,True,Draw,2018,-5,-4.5,-9,-5.200000000000003,-24,-3,-6,1,0,0,3,0,5
2018-06-26,Nigeria,Argentina,1,2,True,Lose,2018,-2,-8.799999999999997,-15.400000000000006,-8,-30,-1,1,-1,0,5,0,-1,43
2018-06-26,Iceland,Croatia,1,2,True,Lose,2018,-18,-10,-5.299999999999997,-10,-18,4,4,1,0,-2,-5,-1,2
2018-06-27,South Korea,Germany,2,0,True,Win,2018,-18,-12.299999999999997,-8,-10,-40,-1,-15,4,0,9,3,2,56
2018-06-27,Mexico,Sweden,0,3,True,Lose,2018,4,-0.7000000000000028,-1,1.2000000000000028,30,-2,6,1,0,3,0,-3,-9
2018-06-27,Serbia,Brazil,0,2,True,Lose,2018,-9,-6.799999999999997,-12.299999999999997,-2.5999999999999943,-12,-5,-3,3,0,6,3,-2,32
2018-06-27,Switzerland,Costa Rica,2,2,True,Draw,2018,-1,4.5,4,5.299999999999997,20,-3,-2,0,0,-5,4,0,-17
2018-06-28,Japan,Poland,0,1,True,Lose,2018,-10,-4,-6,0.5999999999999943,8,1,-1,1,0,3,-2,-1,53
2018-06-28,Senegal,Colombia,0,1,True,Lose,2018,-6,0.7000000000000028,-1.2999999999999972,-1.7000000000000028,-12,1,4,0,0,0,-2,-1,11
2018-06-28,England,Belgium,0,1,True,Lose,2018,-7,-0.7000000000000028,-4,-3,-4,-3,-2,-2,0,-3,2,-1,9
2018-06-30,France,Argentina,4,3,True,Win,2018,5,1,-4.400000000000006,2.700000000000003,-18,0,0,-2,0,6,1,1,2
2018-06-30,Uruguay,Portugal,2,1,True,Win,2018,-1,0.5,0.29999999999999716,-5.200000000000003,-22,-2,-14,-1,0,0,3,1,10
2018-07-01,Croatia,Denmark,1,1,True,Win,2018,2,1.2999999999999972,2,4.799999999999997,6,4,7,-1,0,-14,-5,0,-3
2018-07-02,Brazil,Mexico,2,0,True,Win,2018,4,9,6,3.799999999999997,-8,9,8,-2,0,-12,-7,2,-6
2018-07-02,Belgium,Japan,3,2,True,Win,2018,17,8.299999999999997,10.599999999999994,7,12,4,13,-1,0,4,-3,1,-36
2018-07-03,Sweden,Switzerland,1,0,True,Win,2018,-9,-0.5,7,-1,-28,-1,-6,-1,-1,-2,2,1,13
2018-07-03,Colombia,England,1,1,True,Lose,2018,-3,-4,-1.2999999999999972,-2.299999999999997,-4,2,-2,4,0,10,-2,0,10
2018-07-06,Uruguay,France,0,2,True,Lose,2018,-6,-1.5,-1,-8.200000000000003,-14,2,0,0,0,1,-4,-2,12
2018-07-06,Brazil,Belgium,1,2,True,Lose,2018,-6,3.299999999999997,-0.29999999999999716,-2,14,6,18,0,0,-2,-7,-1,-1
2018-07-07,Sweden,England,0,2,True,Lose,2018,-7,-4.299999999999997,-1.2999999999999972,-4,-14,1,-5,1,0,3,-3,-2,14
2018-07-07,Russia,Croatia,2,2,False,Lose,2018,-6,-2.299999999999997,0.4000000000000057,-6,-28,4,-4,-3,0,7,-4,0,37
2018-07-10,France,Belgium,1,0,True,Win,2018,-1,0.5,-1,0.4000000000000057,-20,2,10,-1,0,-10,-1,1,-3
2018-07-11,Croatia,England,2,1,True,Win,2018,3,-2,-4,3,8,6,11,1,0,9,-5,1,5
2018-07-14,Belgium,England,2,0,True,Win,2018,7,0.7000000000000028,4,3,-14,-1,-3,-1,0,6,3,2,-2
2018-07-15,France,Croatia,4,2,True,Win,2018,3,3.200000000000003,7,0.4000000000000057,-22,3,-7,1,0,1,-2,2,-10
2020-10-08,Paraguay,Peru,2,2,False,Draw,2020,-1,2.5999999999999943,2.700000000000003,2.299999999999997,20,2,2,2,0,0,-2,0,18
2020-10-08,Uruguay,Chile,2,1,False,Win,2020,5,6.5,7,0,2,-1,3,1,0,-7,2,1,-11
2020-10-08,Argentina,Ecuador,1,0,False,Win,2020,8,3.200000000000003,12,7,16,2,4,1,0,-5,-1,1,-55
2020-10-09,Colombia,Venezuela,3,0,False,Win,2020,4,6,4.599999999999994,4.299999999999997,16,3,-3,-3,0,8,0,3,-15
2020-10-09,Brazil,Bolivia,5,0,False,Win,2020,21,15.599999999999994,20.599999999999994,16.5,38,8,17,-3,0,5,-4,5,-72
2020-10-13,Bolivia,Argentina,1,2,False,Lose,2020,-13,-10.799999999999997,-23.299999999999997,-13,14,0,-6,0,0,4,-1,-1,66
2020-10-13,Ecuador,Uruguay,4,2,False,Win,2020,-8,-5.700000000000003,-4.299999999999997,-5.5,2,5,11,2,0,1,-3,2,58
2020-10-13,Venezuela,Paraguay,0,1,False,Lose,2020,3,-1,2,-2.299999999999997,-34,-1,2,0,0,3,0,-1,-15
2020-10-13,Peru,Brazil,2,4,False,Lose,2020,-17,-12.599999999999994,-15.299999999999997,-10.799999999999997,-32,-3,-6,2,2,7,1,-2,19
2020-10-13,Chile,Colombia,2,2,False,Draw,2020,-2,-3.799999999999997,-6,1.5,-8,-1,-4,3,0,-2,1,0,7
2020-11-12,Bolivia,Ecuador,2,3,False,Lose,2020,-5,-7.599999999999994,-11.299999999999997,-6,-24,0,6,0,0,2,-1,-1,19
2020-11-12,Argentina,Paraguay,1,1,False,Draw,2020,10,5.200000000000003,15.299999999999997,5,36,3,9,-2,0,-5,-3,0,-27
2020-11-13,Colombia,Uruguay,0,3,False,Lose,2020,-3,-2.700000000000003,-1,-1.5,26,-2,5,2,1,-1,-1,-3,3
2020-11-13,Chile,Peru,2,0,False,Win,2020,4,3.799999999999997,3.299999999999997,5.799999999999997,-2,1,2,0,0,-3,1,2,-7
2020-11-13,Brazil,Venezuela,1,0,False,Win,2020,15,11,10.599999999999994,10.799999999999997,48,2,7,-2,0,1,-1,1,-25
2020-11-17,Ecuador,Colombia,6,1,False,Win,2020,-5,-3,-3.299999999999997,-4,6,7,4,-2,1,0,-2,5,50
2020-11-17,Venezuela,Chile,2,1,False,Win,2020,-2,-2.200000000000003,1.4000000000000057,-5.799999999999997,-30,4,3,-1,0,4,-3,1,11
2020-11-17,Peru,Argentina,0,2,False,Lose,2020,-9,-7.799999999999997,-18,-7.299999999999997,6,-2,-3,0,0,3,0,-2,16
2020-11-17,Paraguay,Bolivia,2,2,False,Draw,2020,3,5.599999999999994,8,8,52,3,11,-1,0,-1,-3,0,-44
2020-11-17,Uruguay,Brazil,0,2,False,Lose,2020,-8,-2.299999999999997,-5,-5,-18,-4,-1,1,1,4,2,-2,4
2021-03-24,Serbia,Republic of Ireland,3,2,False,Win,2021,6,0,6.700000000000003,6.799999999999997,12,2,8,1,0,-7,-1,1,-12
2021-03-24,France,Ukraine,1,1,False,Draw,2021,11,9.5,9.700000000000003,7.200000000000003,26,2,15,1,0,14,-2,0,-22
2021-03-24,Finland,Bosnia and Herzegovina,2,2,False,Draw,2021,8,-2.799999999999997,-5,-8,-12,0,-7,3,0,1,0,0,-1
2021-03-24,Belgium,Wales,3,1,False,Win,2021,14,5.799999999999997,16,5.400000000000006,50,3,8,1,0,9,-1,2,-17
2021-03-24,Turkey,Netherlands,4,2,False,Win,2021,-4,-7.700000000000003,-5.299999999999997,-7,-32,-4,-12,4,0,6,6,2,18
2021-03-24,Slovenia,Croatia,1,0,False,Win,2021,11,-6.799999999999997,-0.4000000000000057,-7.5,-38,1,-3,-3,0,-4,0,1,51
2021-03-25,Spain,Greece,1,1,False,Draw,2021,5,8.599999999999994,11,9.599999999999994,60,1,8,-1,0,5,-1,0,-47
2021-03-25,Bulgaria,Switzerland,1,3,False,Lose,2021,-20,-9.700000000000003,-4.299999999999997,-14,-40,-3,-6,0,0,-5,1,-2,52
2021-03-25,Italy,Northern Ireland,2,0,False,Win,2021,16,9.299999999999997,18.599999999999994,10.5,32,2,4,-2,0,-4,0,2,-35
2021-03-25,Scotland,Austria,2,2,False,Draw,2021,-1,0.29999999999999716,-3,-4,-20,-1,3,1,0,-2,1,0,25
2021-03-25,Hungary,Poland,3,3,False,Draw,2021,-2,-4,-13,-5,-28,1,0,1,1,6,-1,0,21
2021-03-25,Germany,Iceland,3,0,False,Win,2021,20,11.299999999999997,13,12.299999999999997,62,3,7,-1,0,-3,0,3,-33
2021-03-25,Romania,North Macedonia,3,2,False,Win,2021,7,6,1.5999999999999943,-0.20000000000000284,-8,7,4,-1,0,11,-6,1,-28
2021-03-27,Serbia,Portugal,2,2,False,Draw,2021,-3,-4.799999999999997,-4.299999999999997,-3.200000000000003,-12,0,4,-1,1,4,-2,0,25
2021-03-27,Czech Republic,Belgium,1,1,False,Draw,2021,-7,-2.5,-10.700000000000003,-8,-26,2,5,-1,0,-1,-1,0,41
2021-03-27,Norway,Turkey,0,3,True,Lose,2021,0,-2.299999999999997,2.299999999999997,2,16,-2,3,1,1,1,-1,-3,12
2021-03-27,Russia,Slovenia,2,1,False,Win,2021,-11,5.5,-0.5999999999999943,1.7000000000000028,-12,1,-2,1,0,5,0,1,-23
2021-03-28,Kosovo,Sweden,0,3,False,Lose,2021,-9,-4.700000000000003,-4.299999999999997,-4,0,-8,-13,3,1,-3,5,-3,97
2021-03-28,Bulgaria,Italy,0,2,False,Lose,2021,-19,-16,-13.599999999999994,-16,-36,-5,-19,1,0,-4,3,-2,58
2021-03-28,Ukraine,Finland,1,1,False,Draw,2021,-7,4.799999999999997,5.700000000000003,7.799999999999997,22,3,10,1,1,0,-3,0,-31
2021-03-28,Albania,England,0,2,False,Lose,2021,1,-9,-19,-13.599999999999994,-42,-4,-7,1,0,1,2,-2,62
2021-03-28,Romania,Germany,0,1,False,Lose,2021,-12,-9.700000000000003,-10.700000000000003,-12,-32,-7,-9,0,0,-1,6,-1,24
2021-03-30,Wales,Czech Republic,1,0,False,Win,2021,-7,-3.299999999999997,-5.299999999999997,2.5999999999999943,-12,0,-3,0,0,2,1,1,-24
2021-03-30,Montenegro,Norway,0,1,False,Lose,2021,-12,-2,-6.599999999999994,-7,-16,3,3,-2,0,-1,-4,-1,19
2021-03-30,Slovakia,Russia,2,1,False,Win,2021,3,0.29999999999999716,-10,-0.4000000000000057,-24,0,-3,-1,0,-6,1,1,-5
2021-03-31,Spain,Kosovo,3,1,False,Win,2021,17,15,8.700000000000003,13,62,10,21,-1,0,-1,-8,2,-111
2021-03-31,Northern Ireland,Bulgaria,0,0,False,Draw,2021,3,6.700000000000003,-5,5.5,40,2,11,0,0,0,-2,0,-23
2021-03-31,Bosnia and Herzegovina,France,0,1,False,Lose,2021,-12,-11.5,-10.400000000000006,-7,-12,0,-9,0,0,2,-1,-1,54
2021-03-31,Austria,Denmark,0,4,False,Lose,2021,-9,-1.5,-1,1.5,4,-6,-6,-1,0,1,1,-4,11
2021-03-31,England,Poland,2,1,False,Win,2021,-5,7.5,4.400000000000006,6.299999999999997,26,3,6,-1,0,-6,-2,1,-15
2021-03-31,Germany,North Macedonia,1,2,False,Lose,2021,19,15.700000000000003,12.299999999999997,11.799999999999997,38,-1,5,2,0,0,0,-1,-52
2021-06-03,Bolivia,Venezuela,3,1,False,Win,2021,-6,-4.599999999999994,-10,-5.700000000000003,6,1,7,1,0,3,0,2,51
2021-06-03,Uruguay,Paraguay,0,0,False,Draw,2021,10,7.700000000000003,7.599999999999994,3.5,14,-2,5,2,0,1,2,0,-26
2021-06-03,Argentina,Chile,1,1,False,Draw,2021,5,4,14.700000000000003,1.5,8,6,9,0,0,2,-6,0,-11
2021-06-03,Peru,Colombia,0,3,False,Lose,2021,-6,-7.599999999999994,-9.299999999999997,-4.299999999999997,-2,-2,1,0,0,-5,-1,-3,12
2021-06-04,Brazil,Ecuador,2,0,False,Win,2021,16,8,9.299999999999997,10.5,32,7,13,-2,0,-4,-5,2,-50
2021-06-08,Ecuador,Peru,1,2,False,Lose,2021,1,4.599999999999994,6,0.29999999999999716,38,2,7,-1,0,-7,-3,-1,26
2021-06-08,Colombia,Argentina,2,2,False,Draw,2021,-3,-0.20000000000000284,-8.700000000000003,-3,-4,-3,-3,1,0,9,3,0,7
2021-06-08,Venezuela,Uruguay,0,0,False,Draw,2021,-7,-8.700000000000003,-5.599999999999994,-5.799999999999997,-12,1,7,2,0,-9,-1,0,21
2021-06-08,Paraguay,Brazil,0,2,False,Lose,2021,-18,-10,-12.599999999999994,-8.5,0,-1,-3,2,0,10,-1,-2,32
2021-06-08,Chile,Bolivia,1,1,False,Draw,2021,8,6.799999999999997,8.599999999999994,11.5,54,8,21,-2,0,2,-6,0,-62
2021-06-14,Argentina,Chile,1,1,True,Draw,2021,5,4,14.700000000000003,1.5,8,6,9,0,0,2,-6,0,-11
